filename,true_label,source_key,rgb_original_mode,rgb_container_format,rgb_sha256,ela_original_mode,ela_container_format,ela_sha256,width,height,tensor_contract_and_png_parity,q_primary,q_ela,regenerated_exact,regenerated_mae,regenerated_max_abs,regenerated_changed_fraction,regenerated_tensor_max_abs
CASIA2_REAL_Au_cha_10151_aug1.png,0,CASIA2|Au_cha_10151,RGB,PNG,8952b3846d7f869bec0c5a83f3652907fadeb7b6ae90c4fde5b5554cc120f35a,RGB,PNG,d2f17c166b39c8e43693ba1358ca1d70ec0c575df02996b8e8e80e3c8149cb77,528,318,True,100,70,True,0.0,0,0.0,0.0
CASIA2_REAL_Au_arc_30635_aug1.png,0,CASIA2|Au_arc_30635,RGB,PNG,0bffb176905b0641fe0d13d4c7ff7e161a8894e27d4ac21ecafb6029adca8dec,RGB,PNG,4a17382c9f87ece457f73bab80cbd8417c691cd3c511b53b7ad8624866e48488,384,256,True,100,65,True,0.0,0,0.0,0.0
CASIA2_REAL_Au_arc_30178_aug1.png,0,CASIA2|Au_arc_30178,RGB,PNG,7e69a1982b628ff1d542aef693c90e1887e5498e4ab9a47abaf1b84ae535996a,RGB,PNG,98b5399ce6151f7dc9fac3eff3f5be81d780cb138a5a9ff8f5cd70862fe9ad8a,256,384,True,95,65,True,0.0,0,0.0,0.0
CASIA2_REAL_Au_ind_00043_aug1.png,0,CASIA2|Au_ind_00043,RGB,PNG,def87130c1544c4a4b9c99a7bac61c9c161cd2b593ac5fe9ebda9115cf388c8d,RGB,PNG,e0df104c2c5a65379675cb4762b1cc4ad9b574ea7ea5e5cd6790f3afbc02cd37,256,384,True,85,85,True,0.0,0,0.0,0.0
CASIA2_REAL_Au_nat_10126_aug1.png,0,CASIA2|Au_nat_10126,RGB,PNG,e074f305c5acd67a1de33e47ae56cc91f9ef4616293c530d385205e9f43341b4,RGB,PNG,5e37d61c6b115beba209cac8268c4775c1cfa484386d3dcd928e6f136e02ddf7,384,256,True,80,95,True,0.0,0,0.0,0.0
CASIA2_REAL_Au_pla_20035_aug1.png,0,CASIA2|Au_pla_20035,RGB,PNG,62158c0ecf4a3802aa2413890192e62c10003081977c992c0d19774986e7ffb9,RGB,PNG,724469d198e9331ca2ae89103df92573dc879f5f6800dbaa5d8b6345c5b89a95,600,368,True,80,75,True,0.0,0,0.0,0.0
CASIA2_REAL_Au_sec_30470_aug1.png,0,CASIA2|Au_sec_30470,RGB,PNG,105a6166b33d77b671ef003abed3ee7dae5af3a7b45039e0bf2f23dd70694f3c,RGB,PNG,52d6b79364aebc55ea204b38a7835ad3b234b32d1138ea1156ef88fdd210329a,256,384,True,80,65,True,0.0,0,0.0,0.0
CASIA2_REAL_Au_nat_30397_aug1.png,0,CASIA2|Au_nat_30397,RGB,PNG,0aa2f5df09152ffc53fc0c311a4b155dde8205c2bb568d9526c00ac9fcfcf856,RGB,PNG,3675b4f871b43bcbc7eb73da2a7f9a45620acb608b2bb20a7ba54504295186f1,384,256,True,55,70,True,0.0,0,0.0,0.0
CASIA2_REAL_Au_pla_30508_aug1.png,0,CASIA2|Au_pla_30508,RGB,PNG,b6501a452abe518955b3f6d25a8b5602343354571e932e6a965a5bcb97da6d13,RGB,PNG,d002d8433b671a351fb2eeda85187954f0a9bd812eaff329840f9ec82261f984,384,256,True,70,95,True,0.0,0,0.0,0.0
CASIA2_REAL_Au_art_30516_aug1.png,0,CASIA2|Au_art_30516,RGB,PNG,bb57b29fa380d68df3e30ef64a7d468e6aee25fc208d5abc76b50cf9fffe00c7,RGB,PNG,280059931f237ef34f668865da0fd9efa2630b580defc14e3440634e1ab95550,384,256,True,85,70,True,0.0,0,0.0,0.0
CASIA2_REAL_Au_cha_10211_aug1.png,0,CASIA2|Au_cha_10211,RGB,PNG,a4264a734a9b73aed849f3088a09df7fa69d06077fcd78cfd908c644eb87a2c1,RGB,PNG,698cf20a92de74d94300ec5cc1defb895c8cf98ddf675cbccb9a504da8d69ed3,800,531,True,100,70,True,0.0,0,0.0,0.0
CASIA2_REAL_Au_nat_30043_aug1.png,0,CASIA2|Au_nat_30043,RGB,PNG,55dda95d97ec1de1408ca82db64694211bd3b77d8ec82566e3c9138fbf3065e0,RGB,PNG,e4b83d0ac891bb88baa42ea091d117b86693f1a1539271c998240752b9ee568a,384,256,True,100,75,True,0.0,0,0.0,0.0
CASIA2_REAL_Au_cha_30483_aug1.png,0,CASIA2|Au_cha_30483,RGB,PNG,13d9931090369c750758451654f08285c5dbcc9a6850c52ced472f3b47298384,RGB,PNG,f1b376c8771b7c92e144f0ece424392f8081c20e996a939864cd5190b7b540b9,256,384,True,95,100,True,0.0,0,0.0,0.0
CASIA2_REAL_Au_nat_30694_aug1.png,0,CASIA2|Au_nat_30694,RGB,PNG,3e2a39f7f47b0ad7ceaba747d2270908f8cb7aca14ce59869750852ed5e25674,RGB,PNG,59e88353c423f4d5da91c57240f4b38d76f38049609afb5bef87cf910e6542f1,384,256,True,65,100,True,0.0,0,0.0,0.0
CASIA2_REAL_Au_cha_30222_aug1.png,0,CASIA2|Au_cha_30222,RGB,PNG,d11e9c48fc08e96271f6a68335718721e92931f8679694c60498b9096048797c,RGB,PNG,6e0c7120cd9844cf3d122b2f231bbe212d1dfb2e886c00053b66cd78ad00198c,384,256,True,90,75,True,0.0,0,0.0,0.0
CASIA2_REAL_Au_ani_30278_aug1.png,0,CASIA2|Au_ani_30278,RGB,PNG,e97be6fc7d30c4f14df7fac67c066f62a4db6c173e2be7558411e43fc2e9d796,RGB,PNG,c40e8484925ca04a7caef8a01564b09254548472c9742b018fc70d1c70a555e9,256,384,True,55,95,True,0.0,0,0.0,0.0
CASIA1_REAL_Au_txt_0033_aug1.png,0,CASIA1|Au_txt_0033,RGB,PNG,47bb33e2c2fdb5623a215675145dc272526e8250ce785b596d94d148d1ebedbe,RGB,PNG,65574eb85558247310182e3c4eff69c128af5bac33bdf0a1d471a0ad6419623a,384,256,True,75,70,True,0.0,0,0.0,0.0
CASIA2_REAL_Au_arc_30703_aug1.png,0,CASIA2|Au_arc_30703,RGB,PNG,9a5917d07829a18a05cd1221ac5ec310b8879cc21f1e1b37afb709d0be58299e,RGB,PNG,7d5c28aaa4460c45142a219e532b283d884fe4ac6e2babef866ff5ae5524b2b5,384,256,True,85,85,True,0.0,0,0.0,0.0
CASIA2_REAL_Au_ani_30219_aug1.png,0,CASIA2|Au_ani_30219,RGB,PNG,4b7e8d0968776d5c2fcaa47833ed1f8a5a60134fd9d3f7ee3fd100f0d6cdd28a,RGB,PNG,48e830c7bf66544a84259d5f2811e2c9140e08fc76e30f4fc8174673e4ade8b6,384,256,True,50,75,True,0.0,0,0.0,0.0
CASIA2_REAL_Au_ind_30105_aug1.png,0,CASIA2|Au_ind_30105,RGB,PNG,ef5694979971f52e6a8d47b5afacabcbcaa5780333a62195ed20f89e7a9db2eb,RGB,PNG,51b1c51fd95bf2b0bbfa3b1c0859f9c2269f69c0e808d54e07e1a0e464882532,256,384,True,65,65,True,0.0,0,0.0,0.0
CASIA2_REAL_Au_pla_30158_aug1.png,0,CASIA2|Au_pla_30158,RGB,PNG,536f7a66f89251e11edfda6a67b013d30da317abb0a44757c935ccbdae74a1ff,RGB,PNG,43c66539a98fdf9b252b9a563dbe3e0c22efcf4f85ca6d8d735c7946657e942c,256,384,True,95,65,True,0.0,0,0.0,0.0
CASIA1_REAL_Au_ani_0083_aug1.png,0,CASIA1|Au_ani_0083,RGB,PNG,811c69095788b2d1be16768913679c72c76e4bbc2f2e746686ecad0373f6d7d5,RGB,PNG,21de74bd845342660fec746cec7e64f97513a308065f0e2b695306223f3d49a6,256,384,True,70,80,True,0.0,0,0.0,0.0
CASIA2_REAL_Au_cha_30311_aug1.png,0,CASIA2|Au_cha_30311,RGB,PNG,aa4a51c2cd0d406505b97535d2d5363ea9748ffee63f6c7e77f9931602360098,RGB,PNG,8232b2b95743ff6e7883c745b73152a44a1a4750809457f42a6029777a32d2e4,256,384,True,75,80,True,0.0,0,0.0,0.0
CASIA2_REAL_Au_nat_30149_aug1.png,0,CASIA2|Au_nat_30149,RGB,PNG,8c0e8ef4fe85b7e06dcc3cdec9990f334ccc9f2248e49471f18c725f6390c452,RGB,PNG,8da01e69a555a7087b7cd8cec8ffcfe85c54114c44b4b7135cb9343f4153874d,384,256,True,95,70,True,0.0,0,0.0,0.0
CASIA2_REAL_Au_arc_20025_aug1.png,0,CASIA2|Au_arc_20025,RGB,PNG,45f51a635d80c5102bfc6b73b5468eb412d0e0632177c1ce484f9d788b211968,RGB,PNG,a474748da336db2f1301f58098e240281f8af3f710cbc1271e5a1a5fe7c907d2,800,600,True,65,75,True,0.0,0,0.0,0.0
CASIA2_REAL_Au_nat_30552_aug1.png,0,CASIA2|Au_nat_30552,RGB,PNG,452564f4bf3c76ccb710d30bd3046f2e87d6a98d76e3099a3520cae4fda6da28,RGB,PNG,25a961ffc938005027d66efec4ad0b2450a30c8c62fc9e7a5e82c07087945a42,384,256,True,70,90,True,0.0,0,0.0,0.0
CASIA2_REAL_Au_sec_00074_aug1.png,0,CASIA2|Au_sec_00074,RGB,PNG,8fbd2ea7b51948d6705ec840605d0d8423070f35dd4297ea683a9ddea66fe971,RGB,PNG,065945783482ca704e1f0a87029ccdeb35fb02c861c825fc3cab65da702e2898,384,256,True,80,95,True,0.0,0,0.0,0.0
CASIA2_REAL_Au_pla_30721_aug1.png,0,CASIA2|Au_pla_30721,RGB,PNG,dfb18f1b2b69111a1ab189c31d341c3473d2359e2b979892128673ee0f5ba8c8,RGB,PNG,70786faeef5b404f92d071d9ed3b5bae280e405eab85820a2a17abd9a67d32dc,384,256,True,95,95,True,0.0,0,0.0,0.0
CASIA2_REAL_Au_ani_00073_aug1.png,0,CASIA2|Au_ani_00073,RGB,PNG,68db3bb7ef88ca119ec0a00476abb4e982cdf62498919887e2df3532db14e11d,RGB,PNG,f27e9b09861ab01d3fc15a9ab13215c77169d494e9de6d84d14565b96191372f,256,384,True,95,65,True,0.0,0,0.0,0.0
CASIA2_REAL_Au_ind_30077_aug1.png,0,CASIA2|Au_ind_30077,RGB,PNG,23a040611f07b9b6c846e8e516e32d070257dd6cbee57df7f759b178802f4d5a,RGB,PNG,efe7047ccdcbcd297d151e6de5ff81b974e4810d7efdfb453605504aa73f39e9,384,256,True,100,100,True,0.0,0,0.0,0.0
CASIA2_REAL_Au_pla_30567_aug1.png,0,CASIA2|Au_pla_30567,RGB,PNG,801a1e6e7b6516506cf8f30a42234669c4a712c3072bd2ed788a99cded7ab0d4,RGB,PNG,cc1c947d05c317ea71446b7373a6eaf5cfcc86dd3f417aef0b649655b0bae8a1,384,256,True,60,75,True,0.0,0,0.0,0.0
CASIA2_REAL_Au_ind_30069_aug1.png,0,CASIA2|Au_ind_30069,RGB,PNG,1f4104cbe8b2047f96bc5f50a03c74dd74c6c0f584a45761c9cd405095dcf489,RGB,PNG,e3fb63d92bbadee40a7fb586d9838818cfc0c9bcfe433d6057416e8531071557,256,384,True,75,85,True,0.0,0,0.0,0.0
CASIA2_FAKE_Tp_D_NRN_M_N_nat10116_cha00029_11673_aug1.png,1,CASIA2|Tp_D_NRN_M_N_nat10116_cha00029_11673,RGB,PNG,e01cac74515ef13feebe8ea4a6419ac6549976f2e0a0d1e460967d6b972532cb,RGB,PNG,04889b7d4a8244171e41b1a70f28242a3edaf55c32ec33f1f8f9502fab7578e2,384,256,True,50,65,True,0.0,0,0.0,0.0
CASIA2_FAKE_Tp_S_NNN_S_N_nat00012_nat00012_00938_aug1.png,1,CASIA2|Tp_S_NNN_S_N_nat00012_nat00012_00938,RGB,PNG,d93a6ed1667a9408163b7770771152f2cd8069f4d5abe881d479a96b19c161e0,RGB,PNG,d9d49f2672265cf15f2c90a5714b7902bf8c74e603bce0e485450e2953f35e3a,384,256,True,75,95,True,0.0,0,0.0,0.0
CASIA2_FAKE_Tp_D_NRN_S_N_arc00075_cha00063_00295_aug1.png,1,CASIA2|Tp_D_NRN_S_N_arc00075_cha00063_00295,RGB,PNG,f0c1121a6e2c0f80769af114527f748ed452bba246e21e2d025037f4de594703,RGB,PNG,2c7a430d8edc6cf26b67987334584f6b9172548819d658212aa89f445c420c7f,384,256,True,70,85,True,0.0,0,0.0,0.0
CASIA2_FAKE_Tp_S_NNN_S_N_arc20081_arc20081_01721_aug1.png,1,CASIA2|Tp_S_NNN_S_N_arc20081_arc20081_01721,RGB,PNG,415e4ddcf2ea9fb4ee33a4255f07d65e8b2d636fa0cd011e0944661de48a85cd,RGB,PNG,92539977aadbb0ad83b15dbbbef47dbdf7bf873c3d995a11bd222ce1e2564370,600,430,True,75,75,True,0.0,0,0.0,0.0
CASIA2_FAKE_Tp_D_NRN_S_N_sec00022_sec00023_10809_aug1.png,1,CASIA2|Tp_D_NRN_S_N_sec00022_sec00023_10809,RGB,PNG,e5a13f9c6513086762c6365620655768550e75fc99eb65e54edc380f137ea8f8,RGB,PNG,9f820a30eea2dabed2a7245dcc559dfc66e3de9b025dd120177de838847ff340,384,256,True,60,95,True,0.0,0,0.0,0.0
CASIA2_FAKE_Tp_D_CRD_S_N_sec00037_art00028_00058_aug1.png,1,CASIA2|Tp_D_CRD_S_N_sec00037_art00028_00058,RGB,PNG,7455db99c90d97f371f38d5362f63652723f988318edc71ae1416d74a5ac4286,RGB,PNG,c751de96f8befaca63a048d0f885aaf2fbd753e575ab08f99c08edc7848226f5,256,384,True,85,95,True,0.0,0,0.0,0.0
CASIA2_FAKE_Tp_S_CND_S_N_art00047_art00047_10507_aug1.png,1,CASIA2|Tp_S_CND_S_N_art00047_art00047_10507,RGB,PNG,9fb946c3ffdce5a85ecaf119d8827abf9d6de94e7cf38928a251eeead6262ed8,RGB,PNG,38fd90f36dba0aa9a9d6d8dd558962c5f315252fd139555e5e0a67f3fac9ee72,384,256,True,55,100,True,0.0,0,0.0,0.0
CASIA2_FAKE_Tp_D_NRN_S_B_art00087_art00087_01010_aug1.png,1,CASIA2|Tp_D_NRN_S_B_art00087_art00087_01010,RGB,PNG,f016de4d82c49a573f7d6e3c7e346057ff2e75d92e3b1d3a02569b57c7d349bf,RGB,PNG,c4676d8e03857ff6ce21bc02c78f408170561b7444572b7cd25733afd90c2f9a,256,384,True,85,100,True,0.0,0,0.0,0.0
CASIA1_FAKE_Sp_S_NNN_A_nat0037_nat0037_0207_aug1.png,1,CASIA1|Sp_S_NNN_A_nat0037_nat0037_0207,RGB,PNG,de1618bbde90084c747e3ad8bde241a4c607373818fb0d1b9df4620dc4ff2200,RGB,PNG,d54f7c4fb0cf1e81f7b22ea31398c3a4b6cfe856763f659431edf7f677f1776b,384,256,True,60,70,True,0.0,0,0.0,0.0
CASIA2_FAKE_Tp_S_NNN_S_B_arc00099_arc00099_01031_aug1.png,1,CASIA2|Tp_S_NNN_S_B_arc00099_arc00099_01031,RGB,PNG,26a8c90189cf60cb3f607ab6d2feda57b788b24633ee6ac13a2b99afbc825fc7,RGB,PNG,a3f717256d43bc08ce75cd9c416af06e5cec19bf4202c1a849151c8e41e160fb,256,384,True,90,85,True,0.0,0,0.0,0.0
CASIA2_FAKE_Tp_S_CRN_S_O_ind00002_ind00002_10053_aug1.png,1,CASIA2|Tp_S_CRN_S_O_ind00002_ind00002_10053,RGB,PNG,8fdd584a7274d41c863138d2bf10ef5ef2cd34d56b17228a38d669aeb42f92d9,RGB,PNG,53925679362000aa879a9b51adbdf99d8d6068ab0ffed3fc615769ff55817440,384,256,True,60,70,True,0.0,0,0.0,0.0
CASIA2_FAKE_Tp_S_NRN_S_N_txt00084_txt00084_11302_aug1.png,1,CASIA2|Tp_S_NRN_S_N_txt00084_txt00084_11302,RGB,PNG,87a34ff05d30ffd86530238b9731773f40833e62cc16fa77002c83723a9bf447,RGB,PNG,dec59f924b78e98a13f1f015d3f5916af84bf1a5f9b79de847b952ed7d9eff44,384,256,True,60,100,True,0.0,0,0.0,0.0
CASIA2_FAKE_Tp_S_CNN_M_N_pla00090_pla00090_10605_aug1.png,1,CASIA2|Tp_S_CNN_M_N_pla00090_pla00090_10605,RGB,PNG,599c61288df1783568648939f743a0ea6084ae8a856a686ac11f13a97ed04c9f,RGB,PNG,4d2f659cbb419efe97500a8a9ab914ae1cbde163876dd8077f1d71c3432958d2,256,384,True,95,80,True,0.0,0,0.0,0.0
CASIA2_FAKE_Tp_D_NRN_S_N_nat00020_ani00005_00638_aug1.png,1,CASIA2|Tp_D_NRN_S_N_nat00020_ani00005_00638,RGB,PNG,4e84d38cd5367e50d1db6ec59eefe09d199f2a9245c92b023ba67870ee3f5714,RGB,PNG,be91a5f3f518d63df1c3ec42dd73954ae12a8ff80ff1cccb0f23146e3695135b,384,256,True,100,90,True,0.0,0,0.0,0.0
CASIA2_FAKE_Tp_S_NNN_S_N_nat10132_nat10132_12141_aug1.png,1,CASIA2|Tp_S_NNN_S_N_nat10132_nat10132_12141,RGB,PNG,b47e8a77b7a4d0fdb009a1df4a98e6f270a682ba279635f01b0a23593b4ef06c,RGB,PNG,e08d2a8575b5ec2baf31ecdf547bb2d916767d9f5d832946f8987a638bd4ff97,600,600,True,75,100,True,0.0,0,0.0,0.0
CASIA2_FAKE_Tp_S_NNN_S_B_sec00096_sec00096_00116_aug1.png,1,CASIA2|Tp_S_NNN_S_B_sec00096_sec00096_00116,RGB,PNG,db06f3dfab6b4763051dd837cabeb423365b66077f6008319983c33bb40a6b76,RGB,PNG,c4684eef79100b22f8250f7589e4c43e4b17ff219f3e0679a95618aa548cced4,384,256,True,85,85,True,0.0,0,0.0,0.0
CASIA2_FAKE_Tp_S_CRN_M_N_art00016_art00016_10277_aug1.png,1,CASIA2|Tp_S_CRN_M_N_art00016_art00016_10277,RGB,PNG,1bf29add90876cbfe3a9e948ccdbc9949c9eb7a02423cdcd59a36e6596fcaaab,RGB,PNG,c4255ac22e201a59c1a492b22845977e6d3b68befd54b345f1046057f15dfca8,384,256,True,80,80,True,0.0,0,0.0,0.0
CASIA2_FAKE_Tp_S_NNN_S_N_sec00010_sec00010_10856_aug1.png,1,CASIA2|Tp_S_NNN_S_N_sec00010_sec00010_10856,RGB,PNG,abac90f2e21355141fb2c483fa37bada787d5f0d0dba66e705343e3d7b98442b,RGB,PNG,456ac42e637d895c0e112446177545d57bcb33bfc076b9f3ae5f3435145896e4,384,256,True,50,65,True,0.0,0,0.0,0.0
CASIA2_FAKE_Tp_D_NRN_S_N_pla00093_sec00097_11288_aug1.png,1,CASIA2|Tp_D_NRN_S_N_pla00093_sec00097_11288,RGB,PNG,0b65e31fd800b1c154fafd20f96019644aeff50ed433465be63a85fe1a80f485,RGB,PNG,7971b5cf90e56bb7eeb85a54d44cf5176a1e8eeac7c113f78694eabc68ec58ad,384,256,True,60,85,True,0.0,0,0.0,0.0
CASIA2_FAKE_Tp_S_NRD_S_B_arc00047_arc00047_01079_aug1.png,1,CASIA2|Tp_S_NRD_S_B_arc00047_arc00047_01079,RGB,PNG,de85f5815886ed912f813f42237c3b6b9804414d17806ead9035ddf20f47cf9b,RGB,PNG,ac938f94c10f32b6befa8926508eda6faff713ab220e11956ae1945b8bf9de6a,384,256,True,55,95,True,0.0,0,0.0,0.0
CASIA2_FAKE_Tp_D_NRN_M_N_nat10126_cha00063_11652_aug1.png,1,CASIA2|Tp_D_NRN_M_N_nat10126_cha00063_11652,RGB,PNG,d91836113dd65d37c9585c485b298dc93a1a99728358b6a386630d9a717210d2,RGB,PNG,55b29ad72266b9395c0843116e8fa3d81be819a96fe506b88d07e65929a199d5,384,256,True,75,80,True,0.0,0,0.0,0.0
CASIA2_FAKE_Tp_S_NNN_S_N_sec00090_sec00090_00110_aug1.png,1,CASIA2|Tp_S_NNN_S_N_sec00090_sec00090_00110,RGB,PNG,a5521576f2d7818269fb620f9a58ae16cfc1a7c6b5db01813b54300815ad3f9b,RGB,PNG,c10dfac6531f49f0579de2493800207ac542d61d2053d510d2465e9ef48b2232,384,256,True,55,75,True,0.0,0,0.0,0.0
CASIA2_FAKE_Tp_S_NNN_S_B_ind00022_ind00022_00893_aug1.png,1,CASIA2|Tp_S_NNN_S_B_ind00022_ind00022_00893,RGB,PNG,0ce59a32a3aadc26f8574f72476fac0179776c276fa69514745306fa170088e6,RGB,PNG,97f83368265b3d9f686f73a1b269570e925c8cbb6a78e0b08424c82488162c19,384,256,True,50,100,True,0.0,0,0.0,0.0
CASIA2_FAKE_Tp_S_NNN_S_N_nat10162_nat10162_12087_aug1.png,1,CASIA2|Tp_S_NNN_S_N_nat10162_nat10162_12087,RGB,PNG,6150ef25627b9ef22b55208d236a0ca047c7103c8be71311cd40efbea795a3a2,RGB,PNG,2dbcbeca052efd61f82c0e57e563a382ee626a01b5371f3bb5a6c538046c461b,561,390,True,75,75,True,0.0,0,0.0,0.0
CASIA2_FAKE_Tp_S_CNN_M_N_art00053_art00053_10532_aug1.png,1,CASIA2|Tp_S_CNN_M_N_art00053_art00053_10532,RGB,PNG,9eac3c272b48344ce0ddfe0e12fb5ffb6c078ab2808294f58a7002d9042a7c08,RGB,PNG,66655bb37539903c5ecba04b76a3914882091ba15117e375942d5b58e10dac59,384,256,True,90,95,True,0.0,0,0.0,0.0
CASIA2_FAKE_Tp_S_NNN_S_N_pla20072_pla20072_01972_aug1.png,1,CASIA2|Tp_S_NNN_S_N_pla20072_pla20072_01972,RGB,PNG,1bc706aa481092449a47931641471dd37211296c161043ad3054ce7bc7f23241,RGB,PNG,c8af5e4f1e0173ff6ec46d3023eb81bef1f5d68eff04c0bf0b6aace9ce085107,750,566,True,60,85,True,0.0,0,0.0,0.0
CASIA2_FAKE_Tp_S_NNN_S_N_art00061_art00061_01399_aug1.png,1,CASIA2|Tp_S_NNN_S_N_art00061_art00061_01399,RGB,PNG,ee3596612e0ce8857675bbcbb33b8e0b18004b431ddaef7b9aa88f999dc0c069,RGB,PNG,cbfee69e88e2efd2c3584dc14448c14e2f034ecb9c3df9deb03418e24b35a762,384,256,True,85,80,True,0.0,0,0.0,0.0
CASIA2_FAKE_Tp_S_CNN_S_N_txt00059_txt00059_00692_aug1.png,1,CASIA2|Tp_S_CNN_S_N_txt00059_txt00059_00692,RGB,PNG,c96050a637c30c9db1648416745e8cf60f41d28c5d796df4cb49830381289726,RGB,PNG,e809c03b81cf7e5d77548052ffed5c04d07985b8d58a1190882eeb615e9caf7e,384,256,True,70,80,True,0.0,0,0.0,0.0
CASIA2_FAKE_Tp_S_NND_S_N_art20063_art20063_02326_aug1.png,1,CASIA2|Tp_S_NND_S_N_art20063_art20063_02326,RGB,PNG,837fb4c25886ec7bfc5bee2342ef191cfbb0c92495438f354e1ef02a19f4f5a2,RGB,PNG,3a44f4c137f36471ff356356470636a44e7ea934def05e2e266f4651731079b5,600,428,True,95,100,True,0.0,0,0.0,0.0
CASIA2_FAKE_Tp_D_NNN_S_N_pla10126_pla00049_12130_aug1.png,1,CASIA2|Tp_D_NNN_S_N_pla10126_pla00049_12130,RGB,PNG,0f6e5cdbdaef6195eaed04d1eabb24c4541eaae55a21007b86e4904333baf2e3,RGB,PNG,ff75c3a527ad13fd936bf78742d1bb55f768f2a4eb757a0a75551f3119ed0800,640,480,True,80,100,True,0.0,0,0.0,0.0
CASIA2_FAKE_Tp_S_CRN_M_B_nat00038_nat00038_10076_aug1.png,1,CASIA2|Tp_S_CRN_M_B_nat00038_nat00038_10076,RGB,PNG,f99ae4706f582e722da66f4e1182d157da29a31c28109a92d99f4c6de359ddfb,RGB,PNG,40243b8d7af069ec90785f12a809dfd6491e23b2ecdadecaa836eb934f54fe88,384,256,True,95,95,True,0.0,0,0.0,0.0
CASIA2_FAKE_Tp_S_NNN_S_N_cha10206_cha10206_12345_aug1.png,1,CASIA2|Tp_S_NNN_S_N_cha10206_cha10206_12345,RGB,PNG,d3d6e4a2fda194850c8c1aaba1a5493e27aaad7597dd8573f6165693e06c17ee,RGB,PNG,c774cd1034f0da7ff2df98ea5ca5ebd193e14cdc84959d680f9d0ad8cb9d39cd,800,600,True,55,70,True,0.0,0,0.0,0.0
