filename,true_label,rgb_path,ela_path,source_key,q_primary,q_ela
CASIA2_REAL_Au_cha_10151_aug1.png,0,D:\Diplom\ela_core\datasets\CASIA_Unified_Randomized_RGB_v2\train\REAL\CASIA2_REAL_Au_cha_10151_aug1.png,D:\Diplom\ela_core\datasets\CASIA_Unified_Randomized_v2\train\REAL\CASIA2_REAL_Au_cha_10151_aug1.png,CASIA2|Au_cha_10151,100,70
CASIA2_REAL_Au_arc_30635_aug1.png,0,D:\Diplom\ela_core\datasets\CASIA_Unified_Randomized_RGB_v2\train\REAL\CASIA2_REAL_Au_arc_30635_aug1.png,D:\Diplom\ela_core\datasets\CASIA_Unified_Randomized_v2\train\REAL\CASIA2_REAL_Au_arc_30635_aug1.png,CASIA2|Au_arc_30635,100,65
CASIA2_REAL_Au_arc_30178_aug1.png,0,D:\Diplom\ela_core\datasets\CASIA_Unified_Randomized_RGB_v2\train\REAL\CASIA2_REAL_Au_arc_30178_aug1.png,D:\Diplom\ela_core\datasets\CASIA_Unified_Randomized_v2\train\REAL\CASIA2_REAL_Au_arc_30178_aug1.png,CASIA2|Au_arc_30178,95,65
CASIA2_REAL_Au_ind_00043_aug1.png,0,D:\Diplom\ela_core\datasets\CASIA_Unified_Randomized_RGB_v2\train\REAL\CASIA2_REAL_Au_ind_00043_aug1.png,D:\Diplom\ela_core\datasets\CASIA_Unified_Randomized_v2\train\REAL\CASIA2_REAL_Au_ind_00043_aug1.png,CASIA2|Au_ind_00043,85,85
CASIA2_REAL_Au_nat_10126_aug1.png,0,D:\Diplom\ela_core\datasets\CASIA_Unified_Randomized_RGB_v2\train\REAL\CASIA2_REAL_Au_nat_10126_aug1.png,D:\Diplom\ela_core\datasets\CASIA_Unified_Randomized_v2\train\REAL\CASIA2_REAL_Au_nat_10126_aug1.png,CASIA2|Au_nat_10126,80,95
CASIA2_REAL_Au_pla_20035_aug1.png,0,D:\Diplom\ela_core\datasets\CASIA_Unified_Randomized_RGB_v2\train\REAL\CASIA2_REAL_Au_pla_20035_aug1.png,D:\Diplom\ela_core\datasets\CASIA_Unified_Randomized_v2\train\REAL\CASIA2_REAL_Au_pla_20035_aug1.png,CASIA2|Au_pla_20035,80,75
CASIA2_REAL_Au_sec_30470_aug1.png,0,D:\Diplom\ela_core\datasets\CASIA_Unified_Randomized_RGB_v2\train\REAL\CASIA2_REAL_Au_sec_30470_aug1.png,D:\Diplom\ela_core\datasets\CASIA_Unified_Randomized_v2\train\REAL\CASIA2_REAL_Au_sec_30470_aug1.png,CASIA2|Au_sec_30470,80,65
CASIA2_REAL_Au_nat_30397_aug1.png,0,D:\Diplom\ela_core\datasets\CASIA_Unified_Randomized_RGB_v2\train\REAL\CASIA2_REAL_Au_nat_30397_aug1.png,D:\Diplom\ela_core\datasets\CASIA_Unified_Randomized_v2\train\REAL\CASIA2_REAL_Au_nat_30397_aug1.png,CASIA2|Au_nat_30397,55,70
CASIA2_REAL_Au_pla_30508_aug1.png,0,D:\Diplom\ela_core\datasets\CASIA_Unified_Randomized_RGB_v2\train\REAL\CASIA2_REAL_Au_pla_30508_aug1.png,D:\Diplom\ela_core\datasets\CASIA_Unified_Randomized_v2\train\REAL\CASIA2_REAL_Au_pla_30508_aug1.png,CASIA2|Au_pla_30508,70,95
CASIA2_REAL_Au_art_30516_aug1.png,0,D:\Diplom\ela_core\datasets\CASIA_Unified_Randomized_RGB_v2\train\REAL\CASIA2_REAL_Au_art_30516_aug1.png,D:\Diplom\ela_core\datasets\CASIA_Unified_Randomized_v2\train\REAL\CASIA2_REAL_Au_art_30516_aug1.png,CASIA2|Au_art_30516,85,70
CASIA2_REAL_Au_cha_10211_aug1.png,0,D:\Diplom\ela_core\datasets\CASIA_Unified_Randomized_RGB_v2\train\REAL\CASIA2_REAL_Au_cha_10211_aug1.png,D:\Diplom\ela_core\datasets\CASIA_Unified_Randomized_v2\train\REAL\CASIA2_REAL_Au_cha_10211_aug1.png,CASIA2|Au_cha_10211,100,70
CASIA2_REAL_Au_nat_30043_aug1.png,0,D:\Diplom\ela_core\datasets\CASIA_Unified_Randomized_RGB_v2\train\REAL\CASIA2_REAL_Au_nat_30043_aug1.png,D:\Diplom\ela_core\datasets\CASIA_Unified_Randomized_v2\train\REAL\CASIA2_REAL_Au_nat_30043_aug1.png,CASIA2|Au_nat_30043,100,75
CASIA2_REAL_Au_cha_30483_aug1.png,0,D:\Diplom\ela_core\datasets\CASIA_Unified_Randomized_RGB_v2\train\REAL\CASIA2_REAL_Au_cha_30483_aug1.png,D:\Diplom\ela_core\datasets\CASIA_Unified_Randomized_v2\train\REAL\CASIA2_REAL_Au_cha_30483_aug1.png,CASIA2|Au_cha_30483,95,100
CASIA2_REAL_Au_nat_30694_aug1.png,0,D:\Diplom\ela_core\datasets\CASIA_Unified_Randomized_RGB_v2\train\REAL\CASIA2_REAL_Au_nat_30694_aug1.png,D:\Diplom\ela_core\datasets\CASIA_Unified_Randomized_v2\train\REAL\CASIA2_REAL_Au_nat_30694_aug1.png,CASIA2|Au_nat_30694,65,100
CASIA2_REAL_Au_cha_30222_aug1.png,0,D:\Diplom\ela_core\datasets\CASIA_Unified_Randomized_RGB_v2\train\REAL\CASIA2_REAL_Au_cha_30222_aug1.png,D:\Diplom\ela_core\datasets\CASIA_Unified_Randomized_v2\train\REAL\CASIA2_REAL_Au_cha_30222_aug1.png,CASIA2|Au_cha_30222,90,75
CASIA2_REAL_Au_ani_30278_aug1.png,0,D:\Diplom\ela_core\datasets\CASIA_Unified_Randomized_RGB_v2\train\REAL\CASIA2_REAL_Au_ani_30278_aug1.png,D:\Diplom\ela_core\datasets\CASIA_Unified_Randomized_v2\train\REAL\CASIA2_REAL_Au_ani_30278_aug1.png,CASIA2|Au_ani_30278,55,95
CASIA1_REAL_Au_txt_0033_aug1.png,0,D:\Diplom\ela_core\datasets\CASIA_Unified_Randomized_RGB_v2\train\REAL\CASIA1_REAL_Au_txt_0033_aug1.png,D:\Diplom\ela_core\datasets\CASIA_Unified_Randomized_v2\train\REAL\CASIA1_REAL_Au_txt_0033_aug1.png,CASIA1|Au_txt_0033,75,70
CASIA2_REAL_Au_arc_30703_aug1.png,0,D:\Diplom\ela_core\datasets\CASIA_Unified_Randomized_RGB_v2\train\REAL\CASIA2_REAL_Au_arc_30703_aug1.png,D:\Diplom\ela_core\datasets\CASIA_Unified_Randomized_v2\train\REAL\CASIA2_REAL_Au_arc_30703_aug1.png,CASIA2|Au_arc_30703,85,85
CASIA2_REAL_Au_ani_30219_aug1.png,0,D:\Diplom\ela_core\datasets\CASIA_Unified_Randomized_RGB_v2\train\REAL\CASIA2_REAL_Au_ani_30219_aug1.png,D:\Diplom\ela_core\datasets\CASIA_Unified_Randomized_v2\train\REAL\CASIA2_REAL_Au_ani_30219_aug1.png,CASIA2|Au_ani_30219,50,75
CASIA2_REAL_Au_ind_30105_aug1.png,0,D:\Diplom\ela_core\datasets\CASIA_Unified_Randomized_RGB_v2\train\REAL\CASIA2_REAL_Au_ind_30105_aug1.png,D:\Diplom\ela_core\datasets\CASIA_Unified_Randomized_v2\train\REAL\CASIA2_REAL_Au_ind_30105_aug1.png,CASIA2|Au_ind_30105,65,65
CASIA2_REAL_Au_pla_30158_aug1.png,0,D:\Diplom\ela_core\datasets\CASIA_Unified_Randomized_RGB_v2\train\REAL\CASIA2_REAL_Au_pla_30158_aug1.png,D:\Diplom\ela_core\datasets\CASIA_Unified_Randomized_v2\train\REAL\CASIA2_REAL_Au_pla_30158_aug1.png,CASIA2|Au_pla_30158,95,65
CASIA1_REAL_Au_ani_0083_aug1.png,0,D:\Diplom\ela_core\datasets\CASIA_Unified_Randomized_RGB_v2\train\REAL\CASIA1_REAL_Au_ani_0083_aug1.png,D:\Diplom\ela_core\datasets\CASIA_Unified_Randomized_v2\train\REAL\CASIA1_REAL_Au_ani_0083_aug1.png,CASIA1|Au_ani_0083,70,80
CASIA2_REAL_Au_cha_30311_aug1.png,0,D:\Diplom\ela_core\datasets\CASIA_Unified_Randomized_RGB_v2\train\REAL\CASIA2_REAL_Au_cha_30311_aug1.png,D:\Diplom\ela_core\datasets\CASIA_Unified_Randomized_v2\train\REAL\CASIA2_REAL_Au_cha_30311_aug1.png,CASIA2|Au_cha_30311,75,80
CASIA2_REAL_Au_nat_30149_aug1.png,0,D:\Diplom\ela_core\datasets\CASIA_Unified_Randomized_RGB_v2\train\REAL\CASIA2_REAL_Au_nat_30149_aug1.png,D:\Diplom\ela_core\datasets\CASIA_Unified_Randomized_v2\train\REAL\CASIA2_REAL_Au_nat_30149_aug1.png,CASIA2|Au_nat_30149,95,70
CASIA2_REAL_Au_arc_20025_aug1.png,0,D:\Diplom\ela_core\datasets\CASIA_Unified_Randomized_RGB_v2\train\REAL\CASIA2_REAL_Au_arc_20025_aug1.png,D:\Diplom\ela_core\datasets\CASIA_Unified_Randomized_v2\train\REAL\CASIA2_REAL_Au_arc_20025_aug1.png,CASIA2|Au_arc_20025,65,75
CASIA2_REAL_Au_nat_30552_aug1.png,0,D:\Diplom\ela_core\datasets\CASIA_Unified_Randomized_RGB_v2\train\REAL\CASIA2_REAL_Au_nat_30552_aug1.png,D:\Diplom\ela_core\datasets\CASIA_Unified_Randomized_v2\train\REAL\CASIA2_REAL_Au_nat_30552_aug1.png,CASIA2|Au_nat_30552,70,90
CASIA2_REAL_Au_sec_00074_aug1.png,0,D:\Diplom\ela_core\datasets\CASIA_Unified_Randomized_RGB_v2\train\REAL\CASIA2_REAL_Au_sec_00074_aug1.png,D:\Diplom\ela_core\datasets\CASIA_Unified_Randomized_v2\train\REAL\CASIA2_REAL_Au_sec_00074_aug1.png,CASIA2|Au_sec_00074,80,95
CASIA2_REAL_Au_pla_30721_aug1.png,0,D:\Diplom\ela_core\datasets\CASIA_Unified_Randomized_RGB_v2\train\REAL\CASIA2_REAL_Au_pla_30721_aug1.png,D:\Diplom\ela_core\datasets\CASIA_Unified_Randomized_v2\train\REAL\CASIA2_REAL_Au_pla_30721_aug1.png,CASIA2|Au_pla_30721,95,95
CASIA2_REAL_Au_ani_00073_aug1.png,0,D:\Diplom\ela_core\datasets\CASIA_Unified_Randomized_RGB_v2\train\REAL\CASIA2_REAL_Au_ani_00073_aug1.png,D:\Diplom\ela_core\datasets\CASIA_Unified_Randomized_v2\train\REAL\CASIA2_REAL_Au_ani_00073_aug1.png,CASIA2|Au_ani_00073,95,65
CASIA2_REAL_Au_ind_30077_aug1.png,0,D:\Diplom\ela_core\datasets\CASIA_Unified_Randomized_RGB_v2\train\REAL\CASIA2_REAL_Au_ind_30077_aug1.png,D:\Diplom\ela_core\datasets\CASIA_Unified_Randomized_v2\train\REAL\CASIA2_REAL_Au_ind_30077_aug1.png,CASIA2|Au_ind_30077,100,100
CASIA2_REAL_Au_pla_30567_aug1.png,0,D:\Diplom\ela_core\datasets\CASIA_Unified_Randomized_RGB_v2\train\REAL\CASIA2_REAL_Au_pla_30567_aug1.png,D:\Diplom\ela_core\datasets\CASIA_Unified_Randomized_v2\train\REAL\CASIA2_REAL_Au_pla_30567_aug1.png,CASIA2|Au_pla_30567,60,75
CASIA2_REAL_Au_ind_30069_aug1.png,0,D:\Diplom\ela_core\datasets\CASIA_Unified_Randomized_RGB_v2\train\REAL\CASIA2_REAL_Au_ind_30069_aug1.png,D:\Diplom\ela_core\datasets\CASIA_Unified_Randomized_v2\train\REAL\CASIA2_REAL_Au_ind_30069_aug1.png,CASIA2|Au_ind_30069,75,85
CASIA2_FAKE_Tp_D_NRN_M_N_nat10116_cha00029_11673_aug1.png,1,D:\Diplom\ela_core\datasets\CASIA_Unified_Randomized_RGB_v2\train\FAKE\CASIA2_FAKE_Tp_D_NRN_M_N_nat10116_cha00029_11673_aug1.png,D:\Diplom\ela_core\datasets\CASIA_Unified_Randomized_v2\train\FAKE\CASIA2_FAKE_Tp_D_NRN_M_N_nat10116_cha00029_11673_aug1.png,CASIA2|Tp_D_NRN_M_N_nat10116_cha00029_11673,50,65
CASIA2_FAKE_Tp_S_NNN_S_N_nat00012_nat00012_00938_aug1.png,1,D:\Diplom\ela_core\datasets\CASIA_Unified_Randomized_RGB_v2\train\FAKE\CASIA2_FAKE_Tp_S_NNN_S_N_nat00012_nat00012_00938_aug1.png,D:\Diplom\ela_core\datasets\CASIA_Unified_Randomized_v2\train\FAKE\CASIA2_FAKE_Tp_S_NNN_S_N_nat00012_nat00012_00938_aug1.png,CASIA2|Tp_S_NNN_S_N_nat00012_nat00012_00938,75,95
CASIA2_FAKE_Tp_D_NRN_S_N_arc00075_cha00063_00295_aug1.png,1,D:\Diplom\ela_core\datasets\CASIA_Unified_Randomized_RGB_v2\train\FAKE\CASIA2_FAKE_Tp_D_NRN_S_N_arc00075_cha00063_00295_aug1.png,D:\Diplom\ela_core\datasets\CASIA_Unified_Randomized_v2\train\FAKE\CASIA2_FAKE_Tp_D_NRN_S_N_arc00075_cha00063_00295_aug1.png,CASIA2|Tp_D_NRN_S_N_arc00075_cha00063_00295,70,85
CASIA2_FAKE_Tp_S_NNN_S_N_arc20081_arc20081_01721_aug1.png,1,D:\Diplom\ela_core\datasets\CASIA_Unified_Randomized_RGB_v2\train\FAKE\CASIA2_FAKE_Tp_S_NNN_S_N_arc20081_arc20081_01721_aug1.png,D:\Diplom\ela_core\datasets\CASIA_Unified_Randomized_v2\train\FAKE\CASIA2_FAKE_Tp_S_NNN_S_N_arc20081_arc20081_01721_aug1.png,CASIA2|Tp_S_NNN_S_N_arc20081_arc20081_01721,75,75
CASIA2_FAKE_Tp_D_NRN_S_N_sec00022_sec00023_10809_aug1.png,1,D:\Diplom\ela_core\datasets\CASIA_Unified_Randomized_RGB_v2\train\FAKE\CASIA2_FAKE_Tp_D_NRN_S_N_sec00022_sec00023_10809_aug1.png,D:\Diplom\ela_core\datasets\CASIA_Unified_Randomized_v2\train\FAKE\CASIA2_FAKE_Tp_D_NRN_S_N_sec00022_sec00023_10809_aug1.png,CASIA2|Tp_D_NRN_S_N_sec00022_sec00023_10809,60,95
CASIA2_FAKE_Tp_D_CRD_S_N_sec00037_art00028_00058_aug1.png,1,D:\Diplom\ela_core\datasets\CASIA_Unified_Randomized_RGB_v2\train\FAKE\CASIA2_FAKE_Tp_D_CRD_S_N_sec00037_art00028_00058_aug1.png,D:\Diplom\ela_core\datasets\CASIA_Unified_Randomized_v2\train\FAKE\CASIA2_FAKE_Tp_D_CRD_S_N_sec00037_art00028_00058_aug1.png,CASIA2|Tp_D_CRD_S_N_sec00037_art00028_00058,85,95
CASIA2_FAKE_Tp_S_CND_S_N_art00047_art00047_10507_aug1.png,1,D:\Diplom\ela_core\datasets\CASIA_Unified_Randomized_RGB_v2\train\FAKE\CASIA2_FAKE_Tp_S_CND_S_N_art00047_art00047_10507_aug1.png,D:\Diplom\ela_core\datasets\CASIA_Unified_Randomized_v2\train\FAKE\CASIA2_FAKE_Tp_S_CND_S_N_art00047_art00047_10507_aug1.png,CASIA2|Tp_S_CND_S_N_art00047_art00047_10507,55,100
CASIA2_FAKE_Tp_D_NRN_S_B_art00087_art00087_01010_aug1.png,1,D:\Diplom\ela_core\datasets\CASIA_Unified_Randomized_RGB_v2\train\FAKE\CASIA2_FAKE_Tp_D_NRN_S_B_art00087_art00087_01010_aug1.png,D:\Diplom\ela_core\datasets\CASIA_Unified_Randomized_v2\train\FAKE\CASIA2_FAKE_Tp_D_NRN_S_B_art00087_art00087_01010_aug1.png,CASIA2|Tp_D_NRN_S_B_art00087_art00087_01010,85,100
CASIA1_FAKE_Sp_S_NNN_A_nat0037_nat0037_0207_aug1.png,1,D:\Diplom\ela_core\datasets\CASIA_Unified_Randomized_RGB_v2\train\FAKE\CASIA1_FAKE_Sp_S_NNN_A_nat0037_nat0037_0207_aug1.png,D:\Diplom\ela_core\datasets\CASIA_Unified_Randomized_v2\train\FAKE\CASIA1_FAKE_Sp_S_NNN_A_nat0037_nat0037_0207_aug1.png,CASIA1|Sp_S_NNN_A_nat0037_nat0037_0207,60,70
CASIA2_FAKE_Tp_S_NNN_S_B_arc00099_arc00099_01031_aug1.png,1,D:\Diplom\ela_core\datasets\CASIA_Unified_Randomized_RGB_v2\train\FAKE\CASIA2_FAKE_Tp_S_NNN_S_B_arc00099_arc00099_01031_aug1.png,D:\Diplom\ela_core\datasets\CASIA_Unified_Randomized_v2\train\FAKE\CASIA2_FAKE_Tp_S_NNN_S_B_arc00099_arc00099_01031_aug1.png,CASIA2|Tp_S_NNN_S_B_arc00099_arc00099_01031,90,85
CASIA2_FAKE_Tp_S_CRN_S_O_ind00002_ind00002_10053_aug1.png,1,D:\Diplom\ela_core\datasets\CASIA_Unified_Randomized_RGB_v2\train\FAKE\CASIA2_FAKE_Tp_S_CRN_S_O_ind00002_ind00002_10053_aug1.png,D:\Diplom\ela_core\datasets\CASIA_Unified_Randomized_v2\train\FAKE\CASIA2_FAKE_Tp_S_CRN_S_O_ind00002_ind00002_10053_aug1.png,CASIA2|Tp_S_CRN_S_O_ind00002_ind00002_10053,60,70
CASIA2_FAKE_Tp_S_NRN_S_N_txt00084_txt00084_11302_aug1.png,1,D:\Diplom\ela_core\datasets\CASIA_Unified_Randomized_RGB_v2\train\FAKE\CASIA2_FAKE_Tp_S_NRN_S_N_txt00084_txt00084_11302_aug1.png,D:\Diplom\ela_core\datasets\CASIA_Unified_Randomized_v2\train\FAKE\CASIA2_FAKE_Tp_S_NRN_S_N_txt00084_txt00084_11302_aug1.png,CASIA2|Tp_S_NRN_S_N_txt00084_txt00084_11302,60,100
CASIA2_FAKE_Tp_S_CNN_M_N_pla00090_pla00090_10605_aug1.png,1,D:\Diplom\ela_core\datasets\CASIA_Unified_Randomized_RGB_v2\train\FAKE\CASIA2_FAKE_Tp_S_CNN_M_N_pla00090_pla00090_10605_aug1.png,D:\Diplom\ela_core\datasets\CASIA_Unified_Randomized_v2\train\FAKE\CASIA2_FAKE_Tp_S_CNN_M_N_pla00090_pla00090_10605_aug1.png,CASIA2|Tp_S_CNN_M_N_pla00090_pla00090_10605,95,80
CASIA2_FAKE_Tp_D_NRN_S_N_nat00020_ani00005_00638_aug1.png,1,D:\Diplom\ela_core\datasets\CASIA_Unified_Randomized_RGB_v2\train\FAKE\CASIA2_FAKE_Tp_D_NRN_S_N_nat00020_ani00005_00638_aug1.png,D:\Diplom\ela_core\datasets\CASIA_Unified_Randomized_v2\train\FAKE\CASIA2_FAKE_Tp_D_NRN_S_N_nat00020_ani00005_00638_aug1.png,CASIA2|Tp_D_NRN_S_N_nat00020_ani00005_00638,100,90
CASIA2_FAKE_Tp_S_NNN_S_N_nat10132_nat10132_12141_aug1.png,1,D:\Diplom\ela_core\datasets\CASIA_Unified_Randomized_RGB_v2\train\FAKE\CASIA2_FAKE_Tp_S_NNN_S_N_nat10132_nat10132_12141_aug1.png,D:\Diplom\ela_core\datasets\CASIA_Unified_Randomized_v2\train\FAKE\CASIA2_FAKE_Tp_S_NNN_S_N_nat10132_nat10132_12141_aug1.png,CASIA2|Tp_S_NNN_S_N_nat10132_nat10132_12141,75,100
CASIA2_FAKE_Tp_S_NNN_S_B_sec00096_sec00096_00116_aug1.png,1,D:\Diplom\ela_core\datasets\CASIA_Unified_Randomized_RGB_v2\train\FAKE\CASIA2_FAKE_Tp_S_NNN_S_B_sec00096_sec00096_00116_aug1.png,D:\Diplom\ela_core\datasets\CASIA_Unified_Randomized_v2\train\FAKE\CASIA2_FAKE_Tp_S_NNN_S_B_sec00096_sec00096_00116_aug1.png,CASIA2|Tp_S_NNN_S_B_sec00096_sec00096_00116,85,85
CASIA2_FAKE_Tp_S_CRN_M_N_art00016_art00016_10277_aug1.png,1,D:\Diplom\ela_core\datasets\CASIA_Unified_Randomized_RGB_v2\train\FAKE\CASIA2_FAKE_Tp_S_CRN_M_N_art00016_art00016_10277_aug1.png,D:\Diplom\ela_core\datasets\CASIA_Unified_Randomized_v2\train\FAKE\CASIA2_FAKE_Tp_S_CRN_M_N_art00016_art00016_10277_aug1.png,CASIA2|Tp_S_CRN_M_N_art00016_art00016_10277,80,80
CASIA2_FAKE_Tp_S_NNN_S_N_sec00010_sec00010_10856_aug1.png,1,D:\Diplom\ela_core\datasets\CASIA_Unified_Randomized_RGB_v2\train\FAKE\CASIA2_FAKE_Tp_S_NNN_S_N_sec00010_sec00010_10856_aug1.png,D:\Diplom\ela_core\datasets\CASIA_Unified_Randomized_v2\train\FAKE\CASIA2_FAKE_Tp_S_NNN_S_N_sec00010_sec00010_10856_aug1.png,CASIA2|Tp_S_NNN_S_N_sec00010_sec00010_10856,50,65
CASIA2_FAKE_Tp_D_NRN_S_N_pla00093_sec00097_11288_aug1.png,1,D:\Diplom\ela_core\datasets\CASIA_Unified_Randomized_RGB_v2\train\FAKE\CASIA2_FAKE_Tp_D_NRN_S_N_pla00093_sec00097_11288_aug1.png,D:\Diplom\ela_core\datasets\CASIA_Unified_Randomized_v2\train\FAKE\CASIA2_FAKE_Tp_D_NRN_S_N_pla00093_sec00097_11288_aug1.png,CASIA2|Tp_D_NRN_S_N_pla00093_sec00097_11288,60,85
CASIA2_FAKE_Tp_S_NRD_S_B_arc00047_arc00047_01079_aug1.png,1,D:\Diplom\ela_core\datasets\CASIA_Unified_Randomized_RGB_v2\train\FAKE\CASIA2_FAKE_Tp_S_NRD_S_B_arc00047_arc00047_01079_aug1.png,D:\Diplom\ela_core\datasets\CASIA_Unified_Randomized_v2\train\FAKE\CASIA2_FAKE_Tp_S_NRD_S_B_arc00047_arc00047_01079_aug1.png,CASIA2|Tp_S_NRD_S_B_arc00047_arc00047_01079,55,95
CASIA2_FAKE_Tp_D_NRN_M_N_nat10126_cha00063_11652_aug1.png,1,D:\Diplom\ela_core\datasets\CASIA_Unified_Randomized_RGB_v2\train\FAKE\CASIA2_FAKE_Tp_D_NRN_M_N_nat10126_cha00063_11652_aug1.png,D:\Diplom\ela_core\datasets\CASIA_Unified_Randomized_v2\train\FAKE\CASIA2_FAKE_Tp_D_NRN_M_N_nat10126_cha00063_11652_aug1.png,CASIA2|Tp_D_NRN_M_N_nat10126_cha00063_11652,75,80
CASIA2_FAKE_Tp_S_NNN_S_N_sec00090_sec00090_00110_aug1.png,1,D:\Diplom\ela_core\datasets\CASIA_Unified_Randomized_RGB_v2\train\FAKE\CASIA2_FAKE_Tp_S_NNN_S_N_sec00090_sec00090_00110_aug1.png,D:\Diplom\ela_core\datasets\CASIA_Unified_Randomized_v2\train\FAKE\CASIA2_FAKE_Tp_S_NNN_S_N_sec00090_sec00090_00110_aug1.png,CASIA2|Tp_S_NNN_S_N_sec00090_sec00090_00110,55,75
CASIA2_FAKE_Tp_S_NNN_S_B_ind00022_ind00022_00893_aug1.png,1,D:\Diplom\ela_core\datasets\CASIA_Unified_Randomized_RGB_v2\train\FAKE\CASIA2_FAKE_Tp_S_NNN_S_B_ind00022_ind00022_00893_aug1.png,D:\Diplom\ela_core\datasets\CASIA_Unified_Randomized_v2\train\FAKE\CASIA2_FAKE_Tp_S_NNN_S_B_ind00022_ind00022_00893_aug1.png,CASIA2|Tp_S_NNN_S_B_ind00022_ind00022_00893,50,100
CASIA2_FAKE_Tp_S_NNN_S_N_nat10162_nat10162_12087_aug1.png,1,D:\Diplom\ela_core\datasets\CASIA_Unified_Randomized_RGB_v2\train\FAKE\CASIA2_FAKE_Tp_S_NNN_S_N_nat10162_nat10162_12087_aug1.png,D:\Diplom\ela_core\datasets\CASIA_Unified_Randomized_v2\train\FAKE\CASIA2_FAKE_Tp_S_NNN_S_N_nat10162_nat10162_12087_aug1.png,CASIA2|Tp_S_NNN_S_N_nat10162_nat10162_12087,75,75
CASIA2_FAKE_Tp_S_CNN_M_N_art00053_art00053_10532_aug1.png,1,D:\Diplom\ela_core\datasets\CASIA_Unified_Randomized_RGB_v2\train\FAKE\CASIA2_FAKE_Tp_S_CNN_M_N_art00053_art00053_10532_aug1.png,D:\Diplom\ela_core\datasets\CASIA_Unified_Randomized_v2\train\FAKE\CASIA2_FAKE_Tp_S_CNN_M_N_art00053_art00053_10532_aug1.png,CASIA2|Tp_S_CNN_M_N_art00053_art00053_10532,90,95
CASIA2_FAKE_Tp_S_NNN_S_N_pla20072_pla20072_01972_aug1.png,1,D:\Diplom\ela_core\datasets\CASIA_Unified_Randomized_RGB_v2\train\FAKE\CASIA2_FAKE_Tp_S_NNN_S_N_pla20072_pla20072_01972_aug1.png,D:\Diplom\ela_core\datasets\CASIA_Unified_Randomized_v2\train\FAKE\CASIA2_FAKE_Tp_S_NNN_S_N_pla20072_pla20072_01972_aug1.png,CASIA2|Tp_S_NNN_S_N_pla20072_pla20072_01972,60,85
CASIA2_FAKE_Tp_S_NNN_S_N_art00061_art00061_01399_aug1.png,1,D:\Diplom\ela_core\datasets\CASIA_Unified_Randomized_RGB_v2\train\FAKE\CASIA2_FAKE_Tp_S_NNN_S_N_art00061_art00061_01399_aug1.png,D:\Diplom\ela_core\datasets\CASIA_Unified_Randomized_v2\train\FAKE\CASIA2_FAKE_Tp_S_NNN_S_N_art00061_art00061_01399_aug1.png,CASIA2|Tp_S_NNN_S_N_art00061_art00061_01399,85,80
CASIA2_FAKE_Tp_S_CNN_S_N_txt00059_txt00059_00692_aug1.png,1,D:\Diplom\ela_core\datasets\CASIA_Unified_Randomized_RGB_v2\train\FAKE\CASIA2_FAKE_Tp_S_CNN_S_N_txt00059_txt00059_00692_aug1.png,D:\Diplom\ela_core\datasets\CASIA_Unified_Randomized_v2\train\FAKE\CASIA2_FAKE_Tp_S_CNN_S_N_txt00059_txt00059_00692_aug1.png,CASIA2|Tp_S_CNN_S_N_txt00059_txt00059_00692,70,80
CASIA2_FAKE_Tp_S_NND_S_N_art20063_art20063_02326_aug1.png,1,D:\Diplom\ela_core\datasets\CASIA_Unified_Randomized_RGB_v2\train\FAKE\CASIA2_FAKE_Tp_S_NND_S_N_art20063_art20063_02326_aug1.png,D:\Diplom\ela_core\datasets\CASIA_Unified_Randomized_v2\train\FAKE\CASIA2_FAKE_Tp_S_NND_S_N_art20063_art20063_02326_aug1.png,CASIA2|Tp_S_NND_S_N_art20063_art20063_02326,95,100
CASIA2_FAKE_Tp_D_NNN_S_N_pla10126_pla00049_12130_aug1.png,1,D:\Diplom\ela_core\datasets\CASIA_Unified_Randomized_RGB_v2\train\FAKE\CASIA2_FAKE_Tp_D_NNN_S_N_pla10126_pla00049_12130_aug1.png,D:\Diplom\ela_core\datasets\CASIA_Unified_Randomized_v2\train\FAKE\CASIA2_FAKE_Tp_D_NNN_S_N_pla10126_pla00049_12130_aug1.png,CASIA2|Tp_D_NNN_S_N_pla10126_pla00049_12130,80,100
CASIA2_FAKE_Tp_S_CRN_M_B_nat00038_nat00038_10076_aug1.png,1,D:\Diplom\ela_core\datasets\CASIA_Unified_Randomized_RGB_v2\train\FAKE\CASIA2_FAKE_Tp_S_CRN_M_B_nat00038_nat00038_10076_aug1.png,D:\Diplom\ela_core\datasets\CASIA_Unified_Randomized_v2\train\FAKE\CASIA2_FAKE_Tp_S_CRN_M_B_nat00038_nat00038_10076_aug1.png,CASIA2|Tp_S_CRN_M_B_nat00038_nat00038_10076,95,95
CASIA2_FAKE_Tp_S_NNN_S_N_cha10206_cha10206_12345_aug1.png,1,D:\Diplom\ela_core\datasets\CASIA_Unified_Randomized_RGB_v2\train\FAKE\CASIA2_FAKE_Tp_S_NNN_S_N_cha10206_cha10206_12345_aug1.png,D:\Diplom\ela_core\datasets\CASIA_Unified_Randomized_v2\train\FAKE\CASIA2_FAKE_Tp_S_NNN_S_N_cha10206_cha10206_12345_aug1.png,CASIA2|Tp_S_NNN_S_N_cha10206_cha10206_12345,55,70
