filename,image_path,true_label,class_name,bytes,sha256,rgb_pixels_sha256,format,original_mode,width,height
4cam_auth/4cam_auth/canong3_02_sub_01.tif,D:\4cam_auth\4cam_auth\canong3_02_sub_01.tif,0,REAL,1301546,10c57dc429df12de57b5f9c3b7098a1ac0db8b2c190c974feca300eefe833f9e,a1c7d2fe23e8a91298b34c89e68887ac71037b9dcee69ad5781eb1a3f0a76f09,TIFF,RGB,757,568
4cam_auth/4cam_auth/canong3_02_sub_02.tif,D:\4cam_auth\4cam_auth\canong3_02_sub_02.tif,0,REAL,1245136,95b5b75278b683dfff44b1589be6af3eb8fa658ec3597d992ce9c1aa93dae23a,a13d794244bc2d9a35f34bc0464483fd102e65f2a83aae45f7ffb109fc4ecf2b,TIFF,RGB,757,568
4cam_auth/4cam_auth/canong3_02_sub_03.tif,D:\4cam_auth\4cam_auth\canong3_02_sub_03.tif,0,REAL,1301798,e7afa299409ba75ed1422f2677f67b3c1ed738a92bd459586298d026c2053fb7,adefdc054c2c95baefa097f34e7886c12e25d3e5f4a2b9bdd7188312d078f2cd,TIFF,RGB,757,568
4cam_auth/4cam_auth/canong3_02_sub_04.tif,D:\4cam_auth\4cam_auth\canong3_02_sub_04.tif,0,REAL,1300526,a0cd073756642e050cc29f393525f61907f39c856ec5c55e513ee471518207ab,9a6dc70653b8386551d11e3993a72b865e911e56a978f227cffd33ae4b47cf17,TIFF,RGB,757,568
4cam_auth/4cam_auth/canong3_02_sub_05.tif,D:\4cam_auth\4cam_auth\canong3_02_sub_05.tif,0,REAL,1299180,f2058ef514f31ee2591c42e4204526d6fed41dc16e2b610a9b4d2041f0d9373a,35968c0beb4186aceb9b8e7859ea7bbcca1cd44fabb99ededd4a1e18604615f6,TIFF,RGB,757,568
4cam_auth/4cam_auth/canong3_02_sub_06.tif,D:\4cam_auth\4cam_auth\canong3_02_sub_06.tif,0,REAL,1301564,c43a3f9480fac9072b6dce6dc843aad44c959fad9678594ef20b294180923dfc,b3e6b265a446808ed6788d9f4424fe5218d9e327bd5851255ca06932f6b46a19,TIFF,RGB,757,568
4cam_auth/4cam_auth/canong3_02_sub_07.tif,D:\4cam_auth\4cam_auth\canong3_02_sub_07.tif,0,REAL,1300694,97b34886e971dcdb342da3a7a6035e73c2ee89aaa2244525e94155f1b55237ed,3de4e7c3194c646f32bfa7300de80dc9118897da179e0772b70f31800db2dc02,TIFF,RGB,757,568
4cam_auth/4cam_auth/canong3_02_sub_08.tif,D:\4cam_auth\4cam_auth\canong3_02_sub_08.tif,0,REAL,1300962,73cae422708bcdd2249fffbd6b47539086874167911f05b29946570f3c3b756f,b0a511b641ef1c63716c0eaaa26766a181af5183086ed62def1d8e2c2087b9f2,TIFF,RGB,757,568
4cam_auth/4cam_auth/canong3_02_sub_09.tif,D:\4cam_auth\4cam_auth\canong3_02_sub_09.tif,0,REAL,1300574,4c3e18741d9d80fb83b6d0e43036dc13d50d4f8907ddedc3e55217180d52a741,0d08f4f74d19e3fc309329528e8186e490f11bcdaea61c038f0a90d5969697eb,TIFF,RGB,757,568
4cam_auth/4cam_auth/canong3_05_sub_01.tif,D:\4cam_auth\4cam_auth\canong3_05_sub_01.tif,0,REAL,1301866,673e4aef0fa814d7aa7ce4685efeecda61de3828a22cab2988deb4be8e99faec,625a249c8930276c3a44a225c03cb63920b2cc5995e07bdc0abd5839cd5be3b9,TIFF,RGB,757,568
4cam_auth/4cam_auth/canong3_05_sub_02.tif,D:\4cam_auth\4cam_auth\canong3_05_sub_02.tif,0,REAL,1301572,c8cc7fceed4e96117b06ff2fdac7a1f7ee8b70ff0d09c33c7bee2ba36a8d59bd,fa3d23544aa2c9d761486ea92bdffe72c615c4297aca9073451130f46594c00a,TIFF,RGB,757,568
4cam_auth/4cam_auth/canong3_05_sub_03.tif,D:\4cam_auth\4cam_auth\canong3_05_sub_03.tif,0,REAL,1301802,392b8c0acceffdb81d0555444d159e030c9661d219d457351319e5decc8ac0d2,29dfbc0226beef5eded3a2205e140c731ed68c065975eaf2c1c6e656d3a07bdb,TIFF,RGB,757,568
4cam_auth/4cam_auth/canong3_05_sub_04.tif,D:\4cam_auth\4cam_auth\canong3_05_sub_04.tif,0,REAL,1301630,1d7a2d2535baf710ab656b1c0cbcc003c7975e57f5412b4ac6a1a97297372a8b,ae2bc0ec9eca966497e4624411d0d8671770a0a42af88d70cb741688f4b45ae0,TIFF,RGB,757,568
4cam_auth/4cam_auth/canong3_05_sub_05.tif,D:\4cam_auth\4cam_auth\canong3_05_sub_05.tif,0,REAL,1301666,bf0715e19b048206752a64702b4b6c414f13b1d9ae4d9bca7a880a44bab3390a,c796d694325ad9d8b8f021ca26ac7e26c71c45c9d15ade5faac1178e6c85f0c4,TIFF,RGB,757,568
4cam_auth/4cam_auth/canong3_05_sub_06.tif,D:\4cam_auth\4cam_auth\canong3_05_sub_06.tif,0,REAL,1301832,6eb3a498974f349318672788d38eeb24dcc6e93b354b35235c21fe22444b1103,5fde5ed2a9c15069b15be9f989aa368a5c44952047b051db375417922c6dc2a3,TIFF,RGB,757,568
4cam_auth/4cam_auth/canong3_05_sub_07.tif,D:\4cam_auth\4cam_auth\canong3_05_sub_07.tif,0,REAL,1301876,bf0de9033ebb169f47ce84d6d156a9eaa4706130640e259b381ca90bbc52d314,b3a42c026b2c5dc54c9ad210541a0050da2a580ec79bcef62e933cb187bafb56,TIFF,RGB,757,568
4cam_auth/4cam_auth/canong3_05_sub_08.tif,D:\4cam_auth\4cam_auth\canong3_05_sub_08.tif,0,REAL,1301876,f7192d29875db25136f16ff1f0a89968157dff9e4c7a04d5827746e8e5094c88,244fd5df86180775caddbd252cf47d009f5be23c7bf413630b34c031824028ab,TIFF,RGB,757,568
4cam_auth/4cam_auth/canong3_05_sub_09.tif,D:\4cam_auth\4cam_auth\canong3_05_sub_09.tif,0,REAL,1301876,2be9ee6cd21f572ddebee611372f284ca32bca54eef529fd65bf77a6f5df4b11,7cedc2a7d762750d322673c8984c9488822f552136092f7939230ff3edfa64ab,TIFF,RGB,757,568
4cam_auth/4cam_auth/canong3_08_sub_01.tif,D:\4cam_auth\4cam_auth\canong3_08_sub_01.tif,0,REAL,1301764,ed586d47aac561c5bca8a93398e1adb0f4fb4a6f021c3134860e3f5fb6960773,e5d52c5165d11b4b8eca892a82c825af0cb83ebc0859fa507986c4b4ac92678c,TIFF,RGB,757,568
4cam_auth/4cam_auth/canong3_08_sub_02.tif,D:\4cam_auth\4cam_auth\canong3_08_sub_02.tif,0,REAL,1300198,64d85ca9b185348237b4aee07fe0434e534ef784fc175dccefdd5548cc892283,1c9e4ebdfb1fd1b79eb4a2c3f6adea4447aa78c3b12cf0c4e9b23304a13cba52,TIFF,RGB,757,568
4cam_auth/4cam_auth/canong3_08_sub_03.tif,D:\4cam_auth\4cam_auth\canong3_08_sub_03.tif,0,REAL,1301876,bb8bc3c1837ad68b1ad02887d1584d1c820ae339804ce31f3bd1af4966024b70,cb9baf8143751ac6c61d8cce2763b20a649e7262196c5a1ff2019d3d34da9509,TIFF,RGB,757,568
4cam_auth/4cam_auth/canong3_08_sub_04.tif,D:\4cam_auth\4cam_auth\canong3_08_sub_04.tif,0,REAL,1295260,a2684cd4a7f1dbe1fc0b9871e2d8bf5ee9dc8a5c23075cd867d1bf18c8e82b29,0d9d06086abb795ff8fa2a79d249d312c800ba817a20034564517802123f2bd9,TIFF,RGB,757,568
4cam_auth/4cam_auth/canong3_08_sub_05.tif,D:\4cam_auth\4cam_auth\canong3_08_sub_05.tif,0,REAL,1299244,933fbf786e2462fb3bb65133178fcd118972ff6e3b8e695018d058d7308131e7,6ee2952163bb40ccfc7d4e577689c2f50404e8ddc4c9ef2dc468dc2a89d586ca,TIFF,RGB,757,568
4cam_auth/4cam_auth/canong3_08_sub_06.tif,D:\4cam_auth\4cam_auth\canong3_08_sub_06.tif,0,REAL,1301734,9f8b4dbfb39e2d98027eda785e0c0698c73e5eacaebc2835d967c7dfe18fc8ee,d96508165cd6a8c80466f62102324bc7e70f4e564fe50353b400f30344b3a289,TIFF,RGB,757,568
4cam_auth/4cam_auth/canong3_08_sub_07.tif,D:\4cam_auth\4cam_auth\canong3_08_sub_07.tif,0,REAL,1295462,de30614806f2b51e08ac83d363fde8c4e42d99281c71ba3aba6f3506326c34be,ce51541858f8839ebc7451827217e45a2d8161b27e7cfb726493fcb3e345d400,TIFF,RGB,757,568
4cam_auth/4cam_auth/canong3_08_sub_08.tif,D:\4cam_auth\4cam_auth\canong3_08_sub_08.tif,0,REAL,1300300,5834159b8e7b05da3b7d178afc1ecc5af6fa1a84756d4602b8bb130619d013ad,a21c27567c6dd06da5cf5059e719433dcb8b10e7a4a1600f749d750e5593631b,TIFF,RGB,757,568
4cam_auth/4cam_auth/canong3_08_sub_09.tif,D:\4cam_auth\4cam_auth\canong3_08_sub_09.tif,0,REAL,1300700,a3d5b2ce5296993a1dda645025edf58728c20d4987e44e2775d846c837f6d96f,f8a965123571364aecc9870f2eb43e398fe11fe2c532a85c36acb4d98c76634f,TIFF,RGB,757,568
4cam_auth/4cam_auth/canonxt_02_sub_01.tif,D:\4cam_auth\4cam_auth\canonxt_02_sub_01.tif,0,REAL,2674942,341eb6e4933c2eafa8c4aa87ba5122386308b6d2d951336c46aa8b9cecd6c682,73d73a7484a45dee14e362e50a8933eef13691085b4aae01a0a87d46f0987eac,TIFF,RGB,1152,768
4cam_auth/4cam_auth/canonxt_02_sub_02.tif,D:\4cam_auth\4cam_auth\canonxt_02_sub_02.tif,0,REAL,2678224,22230dfe6c6fb3b0493bb24167b481b9421bfee654fa186e64e9b578b7e7ea2e,69383f900635d064553d88148eb0f015e6a2097536e79e96ac71d4f652b94f8c,TIFF,RGB,1152,768
4cam_auth/4cam_auth/canonxt_02_sub_03.tif,D:\4cam_auth\4cam_auth\canonxt_02_sub_03.tif,0,REAL,2678220,a36dbc4e220c1596643cd8b74835d2cea6d088616e876bceb3beff9570025885,c80257ec0e589ac5858bba71c112dbe36b721f530c35035a24c97571c7ebdd86,TIFF,RGB,1152,768
4cam_auth/4cam_auth/canonxt_02_sub_04.tif,D:\4cam_auth\4cam_auth\canonxt_02_sub_04.tif,0,REAL,2678258,131a473ef9306dc9926ccfd0fbd309fc19cc25a6f3332b8a35e488eafe5577b6,0f9b41c31bb5ad93d6ecb3ab1c275cc1ff5610d43d810a8d9cf405113f47ce50,TIFF,RGB,1152,768
4cam_auth/4cam_auth/canonxt_02_sub_05.tif,D:\4cam_auth\4cam_auth\canonxt_02_sub_05.tif,0,REAL,2678184,8c282b79232bd182f3d71318486f845b4d4a96a7c655ac838a529e09e06f53ea,a3c3e7f1fbdb45ce8b1d9d48735d5571d949b49165c2dd2c6e31cc57b57d6aa7,TIFF,RGB,1152,768
4cam_auth/4cam_auth/canonxt_02_sub_06.tif,D:\4cam_auth\4cam_auth\canonxt_02_sub_06.tif,0,REAL,2678230,ccdab98ba9f6dbaf88d27db93753278213793ee0b5abbcfda8e7c3660f3fe0a4,d35ed611fb3cff004b60662a54ccc9af188eb439e608495980b4576a8f61ed1c,TIFF,RGB,1152,768
4cam_auth/4cam_auth/canonxt_02_sub_07.tif,D:\4cam_auth\4cam_auth\canonxt_02_sub_07.tif,0,REAL,2678246,cc49b1578572938f79ec0f979b320b51ae22bd4fb9d98b7f36c1e975d2def816,2a042a7302a69387d01c3da6c43b216f8a0a58f19ddc687eeee5b9fe6a1ada98,TIFF,RGB,1152,768
4cam_auth/4cam_auth/canonxt_02_sub_08.tif,D:\4cam_auth\4cam_auth\canonxt_02_sub_08.tif,0,REAL,2678244,3acf3f6297eee2da381e5b13dbb0f5a81d5a4960312fe3cb5d180bd3036b17e4,629e7a50518bdb0d15f0b3389c9552ea1f21e0c6ef0a0eb227a4cf1eff81b77d,TIFF,RGB,1152,768
4cam_auth/4cam_auth/canonxt_02_sub_09.tif,D:\4cam_auth\4cam_auth\canonxt_02_sub_09.tif,0,REAL,2678176,8a3c73fba4e1c049e49d1debf76362fbd05929351f089aaef1f279cc6c6b0bef,7fe56ad2a0ffd240082c5541b59d8d4e9dfa84f7ea0d6d43c2f605ab59ce85da,TIFF,RGB,1152,768
4cam_auth/4cam_auth/canonxt_05_sub_01.tif,D:\4cam_auth\4cam_auth\canonxt_05_sub_01.tif,0,REAL,2505156,04b8e46b84a640f3700dc378fdc1cb0eae4f082f4b001d2cd495b6f3178a3cfe,7e66541fafc61f29fd6ac2340b607d4ce6e1addc3e63506539e033c37c14132c,TIFF,RGB,1152,768
4cam_auth/4cam_auth/canonxt_05_sub_02.tif,D:\4cam_auth\4cam_auth\canonxt_05_sub_02.tif,0,REAL,2671986,6c7ee43b8da0d39f562dd4d01f3859e0f386792cbe9da0f0abd77c65c73d7d8c,2b2da6d0a1bb2a7fa129d6d139e6f65c56596d89a6a82c2701648d3e79a56ce4,TIFF,RGB,1152,768
4cam_auth/4cam_auth/canonxt_05_sub_03.tif,D:\4cam_auth\4cam_auth\canonxt_05_sub_03.tif,0,REAL,2595454,0f836bb9c0b351f9fbced2d2db16062f620e5027569443cc0942f71fba1c59d4,1e0a732f67b41290bb95ffc3d3ff84255dfecaa9bdff4268dbe6991103a07f6e,TIFF,RGB,1152,768
4cam_auth/4cam_auth/canonxt_05_sub_04.tif,D:\4cam_auth\4cam_auth\canonxt_05_sub_04.tif,0,REAL,2578254,389c3ebcd6752a6ba4099e117e07978df1d1b923e16f73e7e064129a237be118,85f237b9d6a1a37f624a33f4c91421c9143a8e5cffff0d9b40ed03955a37a709,TIFF,RGB,1152,768
4cam_auth/4cam_auth/canonxt_05_sub_05.tif,D:\4cam_auth\4cam_auth\canonxt_05_sub_05.tif,0,REAL,2663976,5d89b0da9616c9f33f790111e0e7ce28bc2f411cda76416f4390a2e34d669e96,98236cb427ea110c3e746f4be0a7d50464642a1d6eaff92613fb3961870f5af0,TIFF,RGB,1152,768
4cam_auth/4cam_auth/canonxt_05_sub_06.tif,D:\4cam_auth\4cam_auth\canonxt_05_sub_06.tif,0,REAL,2605494,3a7b8086887c0f17a47cbedc72474cd4231b5ecdafc4c6d39b43ad915562b970,d241f51b71b36cdab83caf69ca7f7925500a0d89cabd07a1a2925b00c3f1ffa3,TIFF,RGB,1152,768
4cam_auth/4cam_auth/canonxt_05_sub_07.tif,D:\4cam_auth\4cam_auth\canonxt_05_sub_07.tif,0,REAL,2529316,9fac94c2a4fc83ce2c65141a83e6cda9770275c5fd7d0e9b7f654a6e3fad957c,c00d87e04b3860149b57a68c0f750f3142851a1f9209ea4ddc9a64538ac55033,TIFF,RGB,1152,768
4cam_auth/4cam_auth/canonxt_05_sub_08.tif,D:\4cam_auth\4cam_auth\canonxt_05_sub_08.tif,0,REAL,2673906,0ee67ec5a5f49294cb8e24de0df93450f0307ccbd807e10533c286055bd232df,10bdb21f25e1ffc540a3016590930b494f7cd8586c2ee69d1e058ec7b8e3a018,TIFF,RGB,1152,768
4cam_auth/4cam_auth/canonxt_05_sub_09.tif,D:\4cam_auth\4cam_auth\canonxt_05_sub_09.tif,0,REAL,2668798,108e6c0d6ddd7f92044c7423cfcf41dfebf24dac190bb291baf34ef91b9113d1,f80c16011600476bc02b999a6feb936b787c0d888705f271d9e7da81506f0ca3,TIFF,RGB,1152,768
4cam_auth/4cam_auth/canonxt_08_sub_01.tif,D:\4cam_auth\4cam_auth\canonxt_08_sub_01.tif,0,REAL,2678220,f759aaf03e4b84adb84642266010e5f15c8a1f49b41ef8fbc097587ec68b99e9,820d4e02706f9b3c71bb5107fc768741058a1a59183b267194117f1a67d9a6d4,TIFF,RGB,768,1152
4cam_auth/4cam_auth/canonxt_08_sub_02.tif,D:\4cam_auth\4cam_auth\canonxt_08_sub_02.tif,0,REAL,2678220,25c81bd3b7590b854fd2d89f74ef4d59316047ac328782a03d6d11c0466e0ed3,5746d7e212a34a2d04f3832ad8a07f633cba8e31cb8deac5c141086f2542fba1,TIFF,RGB,768,1152
4cam_auth/4cam_auth/canonxt_08_sub_03.tif,D:\4cam_auth\4cam_auth\canonxt_08_sub_03.tif,0,REAL,2678220,ca3670befb868f6cf5294d2787f832d5eba43340a79f44218b8a7a4d03bfa038,bfc13711c6936f252062421dff94f5af7eaa1e856e065ed14a81c874058814de,TIFF,RGB,768,1152
4cam_auth/4cam_auth/canonxt_08_sub_04.tif,D:\4cam_auth\4cam_auth\canonxt_08_sub_04.tif,0,REAL,2678224,d4c676d0f3f8d0c3a2ac42a3ae642e872915e4085dc5d451ac164fb3f5e6c22f,7c2ad485be786df250a280713d4aa76901121cb0c3844df177452a0537743aa9,TIFF,RGB,768,1152
4cam_auth/4cam_auth/canonxt_08_sub_05.tif,D:\4cam_auth\4cam_auth\canonxt_08_sub_05.tif,0,REAL,2678124,3134a9c64a57c5e50cef72a084275c88848190fd25aea49b457d70ab9755d12f,5b1ce48ab80226657f2f642b2868697ec37b89edfc2e1d2322d853fd5a186f1b,TIFF,RGB,768,1152
4cam_auth/4cam_auth/canonxt_08_sub_06.tif,D:\4cam_auth\4cam_auth\canonxt_08_sub_06.tif,0,REAL,2678224,87434d1a2c01c2b8ce02941348d6df6dd1178c66674a157631c9bd3e355b5214,2e54af0f147cc57226b26762bafcc30aecaee02fbb472703b4eecc45fa965d4f,TIFF,RGB,768,1152
4cam_auth/4cam_auth/canonxt_08_sub_07.tif,D:\4cam_auth\4cam_auth\canonxt_08_sub_07.tif,0,REAL,2636256,339ba75d4ff4dbe8d3b52ce5469e7308fbf870ee4922d3966e30b72ce73ba4dd,726894017ed4962afeb149f753e320aaf1dbd1a57228c6496838db0570797cf3,TIFF,RGB,768,1152
4cam_auth/4cam_auth/canonxt_08_sub_08.tif,D:\4cam_auth\4cam_auth\canonxt_08_sub_08.tif,0,REAL,2672284,b1421533975f956d8d3aa5fcb9c0e8bf048042d674273a76c926337f378e3000,759c218721d061661febab0674fe3ef9090ca24e998dce468399a5029d3ea6cb,TIFF,RGB,768,1152
4cam_auth/4cam_auth/canonxt_08_sub_09.tif,D:\4cam_auth\4cam_auth\canonxt_08_sub_09.tif,0,REAL,2678078,9024ef19d75002df8a0b37d3e2239e7ca54afa639bb9426cad7f98e0e07ea697,f14e4fb5bcf135e56a11f69bcb1c88d619c28f541d05bf88682837e7d8db468c,TIFF,RGB,768,1152
4cam_auth/4cam_auth/canonxt_11_sub_01.tif,D:\4cam_auth\4cam_auth\canonxt_11_sub_01.tif,0,REAL,2678256,8698ec3235f15866b171c39d8f3c99a2c7abdf96ef6e92c212537f826c201f39,afe7d9d6167074c3a837d0e3ada61c1055dd9c9a77bd1c2d969c76fa91049723,TIFF,RGB,1152,768
4cam_auth/4cam_auth/canonxt_11_sub_02.tif,D:\4cam_auth\4cam_auth\canonxt_11_sub_02.tif,0,REAL,2632188,1106e8ce2e24e9c8abda6cf311a2261a7cd72d214704875a54f94aabaea3844f,731ccfc555069ecfa276bcba83c79dc7a3da77723a905065413c8d8310ca42a1,TIFF,RGB,1152,768
4cam_auth/4cam_auth/canonxt_11_sub_03.tif,D:\4cam_auth\4cam_auth\canonxt_11_sub_03.tif,0,REAL,2678142,b1249224a6ff94a4e27c8c912313f2bd4ee1935e43b7a38f3a4f3177db3cad88,01927b3127c897c815845b7c636c58591d75cacf9471f7b0c4d65300b5a9fa2b,TIFF,RGB,1152,768
4cam_auth/4cam_auth/canonxt_11_sub_04.tif,D:\4cam_auth\4cam_auth\canonxt_11_sub_04.tif,0,REAL,2678228,767dc3f987dc9888e52fa3db248ccb8855db20929f39165a0dec981105b1d189,960a1f9ee7372e947a042ba953ae3816d835d8ef6f04aab0a97f5e07c4f6e6e4,TIFF,RGB,1152,768
4cam_auth/4cam_auth/canonxt_11_sub_05.tif,D:\4cam_auth\4cam_auth\canonxt_11_sub_05.tif,0,REAL,2663336,ae25d32a5897cca7b88f03984edfe7b0afd618a0f69c46bac916d8d937605da7,f7381b8315c60e6d5c5ee2879fda6f9690e8d30d4ac9c5f411b5f733081cb04a,TIFF,RGB,1152,768
4cam_auth/4cam_auth/canonxt_11_sub_06.tif,D:\4cam_auth\4cam_auth\canonxt_11_sub_06.tif,0,REAL,2678086,6739eb712fee716cdf9c16f7c72a9a1f4fa31bfddc553408ab04a0580e190f5a,38ab28f7dd622b97840697b3e70686decb3bc7de6f572296671806a0da1aa5f4,TIFF,RGB,1152,768
4cam_auth/4cam_auth/canonxt_11_sub_07.tif,D:\4cam_auth\4cam_auth\canonxt_11_sub_07.tif,0,REAL,2678252,8fa4b4ec6fe678e2c5d187ae3b9fb055bad1c11aa8ac8402939c6e4d06a0a3f8,93f04d1a4ec10df886b006e9d8c5718b175113ee5828932a2d5a4d00eb2ba49f,TIFF,RGB,1152,768
4cam_auth/4cam_auth/canonxt_11_sub_08.tif,D:\4cam_auth\4cam_auth\canonxt_11_sub_08.tif,0,REAL,2678256,fae87978655d1e0881b692a78a8e263763e7992d493b38eedb23d4cc45a56d7f,2e78ac064a36ca1dcd7e2c2719f884ad2138de9d35c11e59168e66deab276608,TIFF,RGB,1152,768
4cam_auth/4cam_auth/canonxt_11_sub_09.tif,D:\4cam_auth\4cam_auth\canonxt_11_sub_09.tif,0,REAL,2678222,d976e399bd9209b01cf0e265aa904e39e4b56f90d7b97ed9b9695f58d7121083,98f6a7daeb52e9c7c578a9e705fae06a260e3c4e35afd6edc2449b919dbc0346,TIFF,RGB,1152,768
4cam_auth/4cam_auth/canonxt_14_sub_01.tif,D:\4cam_auth\4cam_auth\canonxt_14_sub_01.tif,0,REAL,2678220,1b4d83293436a0723f27ca5ab28193adc4d42a91058bb9a65afa9f96bdc12c10,b14e4be568404b26a4d2e9e8caaef113da9046c076074604bbb80dfd7909fc7c,TIFF,RGB,768,1152
4cam_auth/4cam_auth/canonxt_14_sub_02.tif,D:\4cam_auth\4cam_auth\canonxt_14_sub_02.tif,0,REAL,2677400,f7c44ebb06c9c1958495f39910a50fff281c87833aec63267247734db87e3569,98f31576fd24585b0910b3f12111e4cb837116aeebab88a3acf2adb2f7563dc4,TIFF,RGB,768,1152
4cam_auth/4cam_auth/canonxt_14_sub_03.tif,D:\4cam_auth\4cam_auth\canonxt_14_sub_03.tif,0,REAL,2677932,4c3e27358b8276f04b75b400c32b65bb0b3f49c2bdafa232ee27de81137a11e2,a80a4466a66f929c9ff7af453f267476b71e61aec35d004bf73d0d6008b5a07f,TIFF,RGB,768,1152
4cam_auth/4cam_auth/canonxt_14_sub_04.tif,D:\4cam_auth\4cam_auth\canonxt_14_sub_04.tif,0,REAL,2678220,89eb602e33d291dd5ddea9cee1305455413582cb8dd8d7d00a0cc7c32a59703d,087408a33aa9015cca586309da3c850821a4223bc9972204873562efe49f2cce,TIFF,RGB,768,1152
4cam_auth/4cam_auth/canonxt_14_sub_05.tif,D:\4cam_auth\4cam_auth\canonxt_14_sub_05.tif,0,REAL,2668518,66405761768681034b6aca56be6f7a478f34c05b2cc9257e5b17b10bf2ee4dbe,5cfad0e717adeb989ffd5d8e45c56d08d9c7a3c924f308d72c842705186dc9d7,TIFF,RGB,768,1152
4cam_auth/4cam_auth/canonxt_14_sub_06.tif,D:\4cam_auth\4cam_auth\canonxt_14_sub_06.tif,0,REAL,2641076,231a1d20b537976bc144dcde93d8dded798644245dca3c04e6574f856388252e,6fd4b80ab4ff817b607740a09c3c870707a085d9e8c401f3e971da02295181f8,TIFF,RGB,768,1152
4cam_auth/4cam_auth/canonxt_14_sub_07.tif,D:\4cam_auth\4cam_auth\canonxt_14_sub_07.tif,0,REAL,2494976,11ee5864344b86b18567d52f47869322052e4e84ffa5630b70f48f6c1d5a7d4b,623f50efb73cfb981bbcc1403ecf715b0a75b588f9d1b8e09da7a40726601c39,TIFF,RGB,768,1152
4cam_auth/4cam_auth/canonxt_14_sub_08.tif,D:\4cam_auth\4cam_auth\canonxt_14_sub_08.tif,0,REAL,2675848,cc3bd450dc0af10edecde29dcb9abd664109bdf14b53e2cf8aa7d81199a00ab5,35cc5dbd65ee8c7df94869e34d6946f7f1c33e7561c1a96c59e13d049cf47982,TIFF,RGB,768,1152
4cam_auth/4cam_auth/canonxt_14_sub_09.tif,D:\4cam_auth\4cam_auth\canonxt_14_sub_09.tif,0,REAL,2678116,4ae3c68ce590c5543bba9874f624db778852de1204303bb5607f551e6b6d3664,4e2a3b9192a3f4bf9e4c35ce8c2f94bedf7286ee903d0dd8ff54d3fa07e42da0,TIFF,RGB,768,1152
4cam_auth/4cam_auth/canonxt_17_sub_01.tif,D:\4cam_auth\4cam_auth\canonxt_17_sub_01.tif,0,REAL,2660840,021d1b8f746ae2bd28004960a8563101c16ea8ad667d606420f638a20ae5c256,b515d13b5409b4a2f48b3ae2680f4f522ecb5466dc677c46e00e2719d9a5fa70,TIFF,RGB,1152,768
4cam_auth/4cam_auth/canonxt_17_sub_02.tif,D:\4cam_auth\4cam_auth\canonxt_17_sub_02.tif,0,REAL,2646400,60f0f0309579b2d853e58029ee611d7b6ec356cf572287e568263afd2cbd2d49,b06f72dbfcad8cf3ad79a182eefe5faf32077502449f48494457c9847508a8b5,TIFF,RGB,1152,768
4cam_auth/4cam_auth/canonxt_17_sub_03.tif,D:\4cam_auth\4cam_auth\canonxt_17_sub_03.tif,0,REAL,2172614,8aae3b65567ba21e7970188bad16764552e4d9e72620fa8fab4f8a9ed95cf1f8,27bd6f57f774ae971c8cac868dac6bb119573390d7b13fc22a0584fcab14ea00,TIFF,RGB,1152,768
4cam_auth/4cam_auth/canonxt_17_sub_04.tif,D:\4cam_auth\4cam_auth\canonxt_17_sub_04.tif,0,REAL,2622858,a323fb48291447bd628c52c0afd0fd55bb3c593da0e5a3ecafd0f291cf3e1ed4,b2f884d5191a9e6e43b014a5d005a40f172370733942b013a22d57040b43ee66,TIFF,RGB,1152,768
4cam_auth/4cam_auth/canonxt_17_sub_05.tif,D:\4cam_auth\4cam_auth\canonxt_17_sub_05.tif,0,REAL,2650552,bccbe60915a1c1d828cd4ff558e4dc4c433130ee4b28fddc67dbbb24f4fcf0e3,4098c5bda39ed49929d6cefb79e80e26c9e0779227ef8cf222e0704718ffc975,TIFF,RGB,1152,768
4cam_auth/4cam_auth/canonxt_17_sub_06.tif,D:\4cam_auth\4cam_auth\canonxt_17_sub_06.tif,0,REAL,2515570,38938c0017ce988170bfcbb88dd2f79cd507713d045666db0ce7ae66c3b0719b,aed6ff80e4f9f40364bc9758fe3142824afbd7838b957131b6bc7a33a02c925d,TIFF,RGB,1152,768
4cam_auth/4cam_auth/canonxt_17_sub_07.tif,D:\4cam_auth\4cam_auth\canonxt_17_sub_07.tif,0,REAL,2592006,09d943625613c5161e4687802b7fc2c50a32e941f1953b0c7be65b16d8eb89b1,94c473c4a4a10433db61bcd83bc0b7a7f80f3ac3f7aea3195629bc371d1589c5,TIFF,RGB,1152,768
4cam_auth/4cam_auth/canonxt_17_sub_08.tif,D:\4cam_auth\4cam_auth\canonxt_17_sub_08.tif,0,REAL,2638854,fb96ab39689ad4370717315cffe44ef36420e608fbc002b6bf4fc6dce6b7a580,66330aba1b5b5367c200dcb5b9d5a0e09d7654584a1712f044f12691839e103a,TIFF,RGB,1152,768
4cam_auth/4cam_auth/canonxt_17_sub_09.tif,D:\4cam_auth\4cam_auth\canonxt_17_sub_09.tif,0,REAL,2654232,88a98e7fd30191128be75067bb0c1c5ff989b2fec1eaa7869f5a8e9b836f7985,8489e30694fb193613c7f3a6856d651a6c56cc2177cff3802d60250191e10d69,TIFF,RGB,1152,768
4cam_auth/4cam_auth/canonxt_20_sub_01.tif,D:\4cam_auth\4cam_auth\canonxt_20_sub_01.tif,0,REAL,2678260,b2d22a8e91458811a7a4b375180a70e9cd51d938cc60c2917373f489aa353760,b9aca7675ddb67cb8489430d137582251b04b318bad4343ab4a8832891bde66f,TIFF,RGB,1152,768
4cam_auth/4cam_auth/canonxt_20_sub_02.tif,D:\4cam_auth\4cam_auth\canonxt_20_sub_02.tif,0,REAL,2653776,1128470d275c2dddea7aa09ab94713190e474ae36c8956e0b8fbbf1b72e1a78c,bdddfb066c299c2c4fae6e6d6ace2d824b2cafc8eb4ed7d66019290e00f93e1d,TIFF,RGB,1152,768
4cam_auth/4cam_auth/canonxt_20_sub_03.tif,D:\4cam_auth\4cam_auth\canonxt_20_sub_03.tif,0,REAL,2652730,e1a565b431c7620472512ee3132155de0efb5be24aee05de9780871c5f6ad381,77f56e323ec9e9193f2a4ef245ca21f9ebcd113dd4bc954fc3a2b8740581ecdb,TIFF,RGB,1152,768
4cam_auth/4cam_auth/canonxt_20_sub_04.tif,D:\4cam_auth\4cam_auth\canonxt_20_sub_04.tif,0,REAL,2678288,0d83d4cba3c5a81b9ec96cf0d73ccad06e5fc037dfac8e72753f5f8606bee9f9,f2ec79580c9133a5f66e7c9cffa7d9f74e23e0ca541cd39906c464e5d322a398,TIFF,RGB,1152,768
4cam_auth/4cam_auth/canonxt_20_sub_05.tif,D:\4cam_auth\4cam_auth\canonxt_20_sub_05.tif,0,REAL,2652448,0b6ec30c3e2ee13a68589b48b2b5576e54f8db9f78e7b34e8ad2f4e6e4f3531c,9612d56d29598207082dca14451f6b10d447cb6730f11b290084424d3def036b,TIFF,RGB,1152,768
4cam_auth/4cam_auth/canonxt_20_sub_06.tif,D:\4cam_auth\4cam_auth\canonxt_20_sub_06.tif,0,REAL,2641204,5719e0a8f099b392abf233c15e2b1b50ec62ea8415479ab20e1af81ef911c97d,adb96a81474c58a9563abb73c93b6fe8808f9e5bb38a2433fe81fef727251220,TIFF,RGB,1152,768
4cam_auth/4cam_auth/canonxt_20_sub_07.tif,D:\4cam_auth\4cam_auth\canonxt_20_sub_07.tif,0,REAL,2678194,9f8631d778fa6a290cf588fe8b971752c623163d009714e4b49d22f0fc96fe0e,edf0b6e57fa233e47eb68b4c2ee2a7f9060bbc34ce7e17f48107035837d825c3,TIFF,RGB,1152,768
4cam_auth/4cam_auth/canonxt_20_sub_08.tif,D:\4cam_auth\4cam_auth\canonxt_20_sub_08.tif,0,REAL,2677722,3814bc6935f504250c58818c099a793f1a3ef8dbbd928ff480d0471797a6c7c1,4f68fef1c46f086bbce5acbfdf6ac731a0afa30b189dfff928d4a94177f58dfa,TIFF,RGB,1152,768
4cam_auth/4cam_auth/canonxt_20_sub_09.tif,D:\4cam_auth\4cam_auth\canonxt_20_sub_09.tif,0,REAL,2677812,76e31e6fcb2bec81a48600dd03f8ba23ffc3ced7d19a95457e52317c058f23db,b454756acdeb57ff65ecbe34f9aa46d4ec10ff5dc8b3548607133f3c4af8d18e,TIFF,RGB,1152,768
4cam_auth/4cam_auth/canonxt_23_sub_01.tif,D:\4cam_auth\4cam_auth\canonxt_23_sub_01.tif,0,REAL,2678220,50a3a76c877c770bfbf1b22b712e2f66b1bc29e36a9b6208d2a329a2dd934071,7f747cad6f74b0af2012b0564a5e091816953af2b357e46c68ccc5ab8da2d5fe,TIFF,RGB,1152,768
4cam_auth/4cam_auth/canonxt_23_sub_02.tif,D:\4cam_auth\4cam_auth\canonxt_23_sub_02.tif,0,REAL,2203632,6782c205b388d460f10bd7ff2d2ad1891a248d33515890e466835aa31db5f016,f609e4cbcdf82583f8bfe48672983e68ad400abaefd867202c3558aa08fc91e4,TIFF,RGB,1152,768
4cam_auth/4cam_auth/canonxt_23_sub_03.tif,D:\4cam_auth\4cam_auth\canonxt_23_sub_03.tif,0,REAL,2612562,1a2327caf2e42605ec063bc4a82572e848bef1a1a35f4096f3cb6df3bc818c5d,0dd57f46208d7e24c807e8c628dc589649704a9c6682f63dbe50bd6914457602,TIFF,RGB,1152,768
4cam_auth/4cam_auth/canonxt_23_sub_04.tif,D:\4cam_auth\4cam_auth\canonxt_23_sub_04.tif,0,REAL,2678266,f094a23420775729add213bd2795942610963d7f94444171371591b8a5b26e4e,37e13e327a8b8886c3a31e1451c208d69275c6851fb02aa2f24fe070b4155d07,TIFF,RGB,1152,768
4cam_auth/4cam_auth/canonxt_23_sub_05.tif,D:\4cam_auth\4cam_auth\canonxt_23_sub_05.tif,0,REAL,2678244,ad2ee56ea65435ee656d787b4cbc0c31da7f8bd80c032bd46597063544d235ab,247803f105af267d38c5aa0d5bc15c481a65e41fab3fedcce3f3f379429a7196,TIFF,RGB,1152,768
4cam_auth/4cam_auth/canonxt_23_sub_06.tif,D:\4cam_auth\4cam_auth\canonxt_23_sub_06.tif,0,REAL,2678222,535006fcff5dcdc868c16612b1fb13b9f31c0f0d2af74ed58dacb00f2c289e37,a47c3789b17671a00f31621a080ce3ba8b7922eecc30036b6bc628c2c58f1d82,TIFF,RGB,1152,768
4cam_auth/4cam_auth/canonxt_23_sub_07.tif,D:\4cam_auth\4cam_auth\canonxt_23_sub_07.tif,0,REAL,2678228,647d51070b6ce6d4139b78ae0a4fdf9ceb5feba604ee4c10dd85087b162ccc13,dfea91c1c892881af179f323800a8d92bdd25d40ad522976bdddee8a169d7c1d,TIFF,RGB,1152,768
4cam_auth/4cam_auth/canonxt_23_sub_08.tif,D:\4cam_auth\4cam_auth\canonxt_23_sub_08.tif,0,REAL,2678236,87f4b07a1c628fce92ead67355d39095b343f5b695efb020dc30646e62114205,2b6a3e35603854124c8307b20d97767e06c2de53196224af5977d722605dcbe0,TIFF,RGB,1152,768
4cam_auth/4cam_auth/canonxt_23_sub_09.tif,D:\4cam_auth\4cam_auth\canonxt_23_sub_09.tif,0,REAL,2678226,4efa22b3d395527c797d9b281e5ac869330b4753de2d59ec9e714a41df596192,4038c6da61b66af5623fd74cee558708bc461eea7bc09d8a43dd056b0ec282c4,TIFF,RGB,1152,768
4cam_auth/4cam_auth/canonxt_26_sub_01.tif,D:\4cam_auth\4cam_auth\canonxt_26_sub_01.tif,0,REAL,2678220,2c76146b85f098d170d4fb004dcc4722c06a3c95554074af5753fa1731837ca8,9de690eff5e24bef7a441c10b9dae0cdc4a5905851ec18f05ff24c65b99d1d03,TIFF,RGB,1152,768
4cam_auth/4cam_auth/canonxt_26_sub_02.tif,D:\4cam_auth\4cam_auth\canonxt_26_sub_02.tif,0,REAL,2671804,4bb66532a48e352be3a1299c2020389997409f188af7a39becbe2199a75eae9b,521057adcf744a68e54bac83fd29f39ff768da632a4fefa377da61a8d0593cd8,TIFF,RGB,1152,768
4cam_auth/4cam_auth/canonxt_26_sub_03.tif,D:\4cam_auth\4cam_auth\canonxt_26_sub_03.tif,0,REAL,2670502,d855aa9b77188c32ec894b14c0a2e6204d277730890875abd9c17e7dcf3b1c2b,e68067ee4b20f09f4c7409cb350d108efd2987577ffca7a4e50955dc4db107fa,TIFF,RGB,1152,768
4cam_auth/4cam_auth/canonxt_26_sub_04.tif,D:\4cam_auth\4cam_auth\canonxt_26_sub_04.tif,0,REAL,2678222,aa6fbf47a37f8db33631c364f12be538bdc30ca85a183c9dc132af6a1ccd67e7,01698834eb99746d5a3e9b1611a90cbeb965494efb66c01e3c2c497c493a4e94,TIFF,RGB,1152,768
4cam_auth/4cam_auth/canonxt_26_sub_05.tif,D:\4cam_auth\4cam_auth\canonxt_26_sub_05.tif,0,REAL,2678284,f25885c3213456c014edc945ec84a216c09f2f90767f322b7e300e107bc42799,138634fe8843e7fab7fe5319da47468f72d0b604a331deaff49ebb4946702326,TIFF,RGB,1152,768
4cam_auth/4cam_auth/canonxt_26_sub_06.tif,D:\4cam_auth\4cam_auth\canonxt_26_sub_06.tif,0,REAL,2678226,84a772790032aa3e713b8fcf5ec769b005326b054977661fbb2073ecb2d23f57,e258523719ddf03b46e424d77f1fb580da572d7c18bb49e49972b8787192d7b1,TIFF,RGB,1152,768
4cam_auth/4cam_auth/canonxt_26_sub_07.tif,D:\4cam_auth\4cam_auth\canonxt_26_sub_07.tif,0,REAL,2678228,d22d65b2a477174364c86f9aa45d9b9e8e2e008035936975efcd2e48de2131ed,e3726e43de0605ee6999b7f7107f053d6fe32b27050610a012a832e65be4b049,TIFF,RGB,1152,768
4cam_auth/4cam_auth/canonxt_26_sub_08.tif,D:\4cam_auth\4cam_auth\canonxt_26_sub_08.tif,0,REAL,2678224,9b9dc94025e182a7789ddf1c8a5c6714adb2e9a35369a1d6c29ffccd4ece4aa8,8a506fc2d546d56fffcd821255648a247c71c141c0d6e810a6efdd70346c78f5,TIFF,RGB,1152,768
4cam_auth/4cam_auth/canonxt_26_sub_09.tif,D:\4cam_auth\4cam_auth\canonxt_26_sub_09.tif,0,REAL,2678220,b21a94a5a58db0a2cf438c563b4b38d36267a40fb7ad9f5631c7d8a62ff202b3,43fcd784f55d25f90b2fc7882047b47bfa72a6a47e0c6ff317969838b2a0545e,TIFF,RGB,1152,768
4cam_auth/4cam_auth/canonxt_29_sub_01.tif,D:\4cam_auth\4cam_auth\canonxt_29_sub_01.tif,0,REAL,2617036,5c45cbdb0b30e765a8471af8be88d0d1402576e30329ba86015d551f49a01c87,9146d8764d2a8f2e3a67372e52dccd0647fee5e89f56ada4b385890343d40a6a,TIFF,RGB,1152,768
4cam_auth/4cam_auth/canonxt_29_sub_02.tif,D:\4cam_auth\4cam_auth\canonxt_29_sub_02.tif,0,REAL,2676158,836f7806fc016dd03ebdf238fe1a7a9ca7aeb9a12670cc50d02c074e80d1f367,44b17c594d2941cace6f7f881b42fae2fd93c134d4813a5e6b229f20b808cc7d,TIFF,RGB,1152,768
4cam_auth/4cam_auth/canonxt_29_sub_03.tif,D:\4cam_auth\4cam_auth\canonxt_29_sub_03.tif,0,REAL,2678222,f15cd42e6094b42e0e6d0584cd4b380de6e1cb773f46a2a2c905b1923737a356,6e1c73cc2128143187f06a4a7278bf02e1c4ffa77905803eaad67afd8b3411a7,TIFF,RGB,1152,768
4cam_auth/4cam_auth/canonxt_29_sub_04.tif,D:\4cam_auth\4cam_auth\canonxt_29_sub_04.tif,0,REAL,2678226,1fea55c6fd32b5050801fee739e9e4396518f07b751f437a02522bedbd5d7410,58735294d650b932971f8f14b838f6ffb2977430d91b59a77476212cc674b83f,TIFF,RGB,1152,768
4cam_auth/4cam_auth/canonxt_29_sub_05.tif,D:\4cam_auth\4cam_auth\canonxt_29_sub_05.tif,0,REAL,2678220,7aa11771bfb045e3bc367860e09fe8c720202b1c36a9a9cb9e880505ee390d7b,3f3b2b61374f518953a865657e04c5bba365db086555220d64b724abe0bbf674,TIFF,RGB,1152,768
4cam_auth/4cam_auth/canonxt_29_sub_06.tif,D:\4cam_auth\4cam_auth\canonxt_29_sub_06.tif,0,REAL,2678220,aff48f4e3c825275d59c177db05b9be1d45fccbd9f96f118cbc4c5701fc778a0,2dc904d6d755fd0632c233ca8cbdd7d341041b001de6c31165ad447aa3031898,TIFF,RGB,1152,768
4cam_auth/4cam_auth/canonxt_29_sub_07.tif,D:\4cam_auth\4cam_auth\canonxt_29_sub_07.tif,0,REAL,2678220,737ed1128cbc45180aa2b7e1fb17ef253bc7aa2630529f709fe72764f5cd107d,55bb8ca2d0b6b51534022adc8c067e874b1a6f4a010dec2f5b8ea53dabdb80de,TIFF,RGB,1152,768
4cam_auth/4cam_auth/canonxt_29_sub_08.tif,D:\4cam_auth\4cam_auth\canonxt_29_sub_08.tif,0,REAL,2678220,f39074d479e059861c47c41ac76ef07c86d116b33748c9f93754eade356c1667,064dbdae1766a59e2d0f99abddcb312ad1b9f8e073bfc2c219519f0fbfbc86fb,TIFF,RGB,1152,768
4cam_auth/4cam_auth/canonxt_29_sub_09.tif,D:\4cam_auth\4cam_auth\canonxt_29_sub_09.tif,0,REAL,2678220,63dc09c8523468081efd6769e1ead6af76019d2a8f17791071fc9ccdf2f12f01,04f5b7e50fc1e4073d094fc0b56ea1cb3cf150649a00beef3958a84d8bea77c1,TIFF,RGB,1152,768
4cam_auth/4cam_auth/canonxt_32_sub_01.tif,D:\4cam_auth\4cam_auth\canonxt_32_sub_01.tif,0,REAL,2678234,08b5d87da8ffc9d862ac53739da65241592784b4f94927c19efa9e068c27e11a,25e87ffb36dda21b96c9a51106976a6aaa572be6e69612ebcb9e7eedb553fd29,TIFF,RGB,768,1152
4cam_auth/4cam_auth/canonxt_32_sub_02.tif,D:\4cam_auth\4cam_auth\canonxt_32_sub_02.tif,0,REAL,2327412,883332cd45a9b18063a7093d5928c19d87f1f62e6ed0231a27b284e89896dcad,bc2ec86bea66013ce93479b544cfea8c1a71f7c434e606adbf1496f68d3d1aaa,TIFF,RGB,768,1152
4cam_auth/4cam_auth/canonxt_32_sub_03.tif,D:\4cam_auth\4cam_auth\canonxt_32_sub_03.tif,0,REAL,2427032,bf23a04da08b697972717053c74ea0d9d4c85edb90277e5f03cbb7ea7536ebd0,3d01d71c61dd8a998ecb90173199b1a59811a38b4cd859176d0914a1e7d179cb,TIFF,RGB,768,1152
4cam_auth/4cam_auth/canonxt_32_sub_04.tif,D:\4cam_auth\4cam_auth\canonxt_32_sub_04.tif,0,REAL,2678058,7d0180fdc9d03bf21755ddcc3b1a7f323b1b19dd2f78f7781eb84cdb17571cc7,690677071244c0fd8afa0c9ff166736c68c68e3361ad879efac4a62cf0572e91,TIFF,RGB,768,1152
4cam_auth/4cam_auth/canonxt_32_sub_05.tif,D:\4cam_auth\4cam_auth\canonxt_32_sub_05.tif,0,REAL,2457228,840f0aeda28281808f76a717666c6043c986a4998e26ae7d32e0e379d8fdd38e,bffdaea3bc5e47aba6de6eaa0433d2bf73b777abf040d4e1a6c8cb94561f3b85,TIFF,RGB,768,1152
4cam_auth/4cam_auth/canonxt_32_sub_06.tif,D:\4cam_auth\4cam_auth\canonxt_32_sub_06.tif,0,REAL,2561496,227dcf35853c33981efcaad01b49b24cb07b81469ebfa148ae35eb0db8c71eb0,3afee05a5889931335e07539e6edfeb4d75fae18615dd02385f31e0ed2414aa8,TIFF,RGB,768,1152
4cam_auth/4cam_auth/canonxt_32_sub_07.tif,D:\4cam_auth\4cam_auth\canonxt_32_sub_07.tif,0,REAL,2678232,ac211e00ab7d1a73925c3a47a2813f1525dd7c321fc9eef19f3db967f45e8ecb,0eb7440ed54d73f0990f667c7025038e9487ba8ef1c3a64ef484c352a937453c,TIFF,RGB,768,1152
4cam_auth/4cam_auth/canonxt_32_sub_08.tif,D:\4cam_auth\4cam_auth\canonxt_32_sub_08.tif,0,REAL,2678226,102e916c97b51e8c177c21d8a20d42da3ac3b793a20b8cb1cfa70ba4a61b511f,34472f7b5f9fcdc724645044ceeb369f8576056e780fa025d62a56109fb69d4a,TIFF,RGB,768,1152
4cam_auth/4cam_auth/canonxt_32_sub_09.tif,D:\4cam_auth\4cam_auth\canonxt_32_sub_09.tif,0,REAL,2678232,d280a054e61c8db6e249a186c04e9fb5a825b9b21425e3cb63c288ae6d152d8c,a4d830d347c5a2fa06193226c52d2f5d5753aa8a68b6ecbd9902f2358ad8fc04,TIFF,RGB,768,1152
4cam_auth/4cam_auth/canonxt_35_sub_01.tif,D:\4cam_auth\4cam_auth\canonxt_35_sub_01.tif,0,REAL,2358384,fd3d17da2d9f0ad24bfbbc22fdebf8913e1fefdb342f6edff0c0edb0424e83db,f19ebf92a7dddb81366f4a75a9e9c7295f31826e7a38b364471c1d7ca5cc4df5,TIFF,RGB,1152,768
4cam_auth/4cam_auth/canonxt_35_sub_02.tif,D:\4cam_auth\4cam_auth\canonxt_35_sub_02.tif,0,REAL,1456896,e9a1eff3b5a6032b6b0b63d8c90226e053fb4b82a39c86482a5551500768d39c,ec612e68918eed4bb43595f1a429fc7e9326f5c066b73d13ab7fa073817f98ed,TIFF,RGB,1152,768
4cam_auth/4cam_auth/canonxt_35_sub_03.tif,D:\4cam_auth\4cam_auth\canonxt_35_sub_03.tif,0,REAL,798864,0d4e99904a3c907e62dffc1129e758257bad7b2ff53e9db3d3408ecb170c8fd8,396e91d6f5f2b848702c7e639f4ace38e0c92d0dd003437da790a7caa5300fa7,TIFF,RGB,1152,768
4cam_auth/4cam_auth/canonxt_35_sub_04.tif,D:\4cam_auth\4cam_auth\canonxt_35_sub_04.tif,0,REAL,2678226,267626397c94686b8fcd48b2a52970f0ec216931496684f80108cbeb1ad9cd9f,9edd2f82e2e3887b056aa486a4df222e63104dfe75edc9a737eaf511e5f52613,TIFF,RGB,1152,768
4cam_auth/4cam_auth/canonxt_35_sub_05.tif,D:\4cam_auth\4cam_auth\canonxt_35_sub_05.tif,0,REAL,2678224,1683630eed7aea79b0cfb56b6876f44b97d4b6a522f6c720b7271de7abc7280c,957d598d8c9984f78368bc55db314d871d27010ad1b1f444f5dd571d425a04c6,TIFF,RGB,1152,768
4cam_auth/4cam_auth/canonxt_35_sub_06.tif,D:\4cam_auth\4cam_auth\canonxt_35_sub_06.tif,0,REAL,2624148,33aa918317f9661faf8dbcc0babc1aa15e4dcd1689615b49efb188a7274ece71,0def06c606cf37d7f096d9f8a7d54949f8a5c6323271be20db647e1095d4656e,TIFF,RGB,1152,768
4cam_auth/4cam_auth/canonxt_35_sub_07.tif,D:\4cam_auth\4cam_auth\canonxt_35_sub_07.tif,0,REAL,2678222,963d91d7ef2b80069081b03bd2def2ce7f3e782ac0d22302bbd6ed41a62c5964,a206602e8eda02d6ef5d2ef6aac5f8c645ea81ced3d17250818591791bbc82bb,TIFF,RGB,1152,768
4cam_auth/4cam_auth/canonxt_35_sub_08.tif,D:\4cam_auth\4cam_auth\canonxt_35_sub_08.tif,0,REAL,2678226,a775a6c20fe22e802de3086afce5fa19b72ac333be548584a43863b15846c94e,fb9800dcec8055a8dd84cba6e827e60c912bd0aafb64c1421c977825fc100224,TIFF,RGB,1152,768
4cam_auth/4cam_auth/canonxt_35_sub_09.tif,D:\4cam_auth\4cam_auth\canonxt_35_sub_09.tif,0,REAL,2678110,471f7d59b177e34d390f328cb186439769779fc188a4ab8f5773b4dec5e41f8f,9e72db631b8f8fc555286d66c25cca7597624e3918b296229d3439caec2aa073,TIFF,RGB,1152,768
4cam_auth/4cam_auth/canonxt_38_sub_01.tif,D:\4cam_auth\4cam_auth\canonxt_38_sub_01.tif,0,REAL,2678238,ef2f004e0e0dae016d9f06f81dcd73924ebe2d1fcf134211db4f3609e4c52747,00026a516cc8889952c13502336242a9380e2be8e5bac02438dfaf81edf3992a,TIFF,RGB,768,1152
4cam_auth/4cam_auth/canonxt_38_sub_02.tif,D:\4cam_auth\4cam_auth\canonxt_38_sub_02.tif,0,REAL,2678220,620907f3650a1c425c021dd12cd302fc5a7afa2840b9c1ddea6b436a138eb2e1,5dd4838312d748aea3ea2baad0ff8c9b33e061b6235c28b16831b184178088ef,TIFF,RGB,768,1152
4cam_auth/4cam_auth/canonxt_38_sub_03.tif,D:\4cam_auth\4cam_auth\canonxt_38_sub_03.tif,0,REAL,2678220,b27d51936b7b8dc51ef141106b938c2809cf0cfc290f7b52a9544bdd70f930a3,27c0744ce34bc7b4d892b062f218a687bd5f89db5871d4901dd8c5b964495599,TIFF,RGB,768,1152
4cam_auth/4cam_auth/canonxt_38_sub_04.tif,D:\4cam_auth\4cam_auth\canonxt_38_sub_04.tif,0,REAL,2678252,ca3ac2f191ef7f32593377442509ba84a2f55518e2de9d30765cd5bd5ff7ec5f,6b2c8e4aef18be9255b0fb5b8a31c2cb98fd7dcf59f76e8cf2fdbf9442359c6c,TIFF,RGB,768,1152
4cam_auth/4cam_auth/canonxt_38_sub_05.tif,D:\4cam_auth\4cam_auth\canonxt_38_sub_05.tif,0,REAL,2678220,0ec50a42b9e47d4a0ee9cee4058b3a80ab8ada74e63c462b02b859b77f1b1974,19da411256218cd2f887dd2b6db8a3db2ac7779bbc0ff307a251baf1f1c8ecda,TIFF,RGB,768,1152
4cam_auth/4cam_auth/canonxt_38_sub_06.tif,D:\4cam_auth\4cam_auth\canonxt_38_sub_06.tif,0,REAL,2678222,0cd727fdbd5483940280d378bf621ad9afd9775133f5589c1d57393910918f6e,49c5b6ee9a7079c34324cd2485682e5d5bc072478506de0bcd3a25eb8c34886e,TIFF,RGB,768,1152
4cam_auth/4cam_auth/canonxt_38_sub_07.tif,D:\4cam_auth\4cam_auth\canonxt_38_sub_07.tif,0,REAL,2627188,17dda886b5e072ea6d5bb3155f680cbc7215b70ab850c5b7fc3a831fd1eb2b70,79b110426af076d15f1b037fd16cd84f59454206373dea2f8d5c21dda8b45892,TIFF,RGB,768,1152
4cam_auth/4cam_auth/canonxt_38_sub_08.tif,D:\4cam_auth\4cam_auth\canonxt_38_sub_08.tif,0,REAL,2678220,6b842a201e48dc4be36b467c9d53f1fe589b096a0b481c3b018d2b3244c4daca,962589a0d3867355cd324c9c2e943edf0e8b44e5817e101500aa0813461a0d59,TIFF,RGB,768,1152
4cam_auth/4cam_auth/canonxt_38_sub_09.tif,D:\4cam_auth\4cam_auth\canonxt_38_sub_09.tif,0,REAL,2678224,637127b89d8fbf2b5099e3bb66cdf56f4f2dfd1c49072c46c156b195c4500b6f,ff1b87afffe76f2d43270d3e390ac2418f23c610b8e647b27d8ac70f38643504,TIFF,RGB,768,1152
4cam_auth/4cam_auth/kodakdcs330_01_sub_01.tif,D:\4cam_auth\4cam_auth\kodakdcs330_01_sub_01.tif,0,REAL,1400818,58ce9d03200a96219db3aeb923bf5bca292675ca47c16870e54db0bea9bb872f,1616e9012f00ef0cf24b6176e5190fd31041d6b7fa2b65647a4e51fe43df1d4b,TIFF,RGB,747,625
4cam_auth/4cam_auth/kodakdcs330_02_sub_01.tif,D:\4cam_auth\4cam_auth\kodakdcs330_02_sub_01.tif,0,REAL,2149920,1afc97bdd0d4efd979b94319dad7540dbe72d54cfa11cf4e4686f65fbe0f4e84,fce6ef0afa7282d4a97509d0977d75ed21f74b95913bd3899aa9429e163128cf,TIFF,RGB,914,784
4cam_auth/4cam_auth/kodakdcs330_03_sub_01.tif,D:\4cam_auth\4cam_auth\kodakdcs330_03_sub_01.tif,0,REAL,2196286,3da50fab8fd5f8f2616c8c52417cedf858e1ca39d9c56619e234371f25dfacfd,ebcfc0b3f6f7fb34158da2bb69cded6bf6b3a28df1bb32b14eced3fad70f9af1,TIFF,RGB,947,773
4cam_auth/4cam_auth/nikond70_02_sub_01.tif,D:\4cam_auth\4cam_auth\nikond70_02_sub_01.tif,0,REAL,4036982,4bcd5d8ab8a855056ac29b638eb04dbd0077bf818c627fcd2016f5a387d6d502,b918b8f08d0f066cbe991b3f161daecb35646569781a7f5bc64cf76627b14eb5,TIFF,RGB,1002,666
4cam_auth/4cam_auth/nikond70_02_sub_02.tif,D:\4cam_auth\4cam_auth\nikond70_02_sub_02.tif,0,REAL,4038182,22183970aaf6a9a9a7b268e5eed6a9be45abe24a92f855349ea80b627e0570c9,56a60b58acd725f8a24bd07917ff224c34e5190e336e6abdb58b2c5ce0b26434,TIFF,RGB,1002,666
4cam_auth/4cam_auth/nikond70_02_sub_03.tif,D:\4cam_auth\4cam_auth\nikond70_02_sub_03.tif,0,REAL,4038204,4f9606a33be34251ad1d9f8c996de5a8daf20fcbea172c7a5f0603b85e01c38d,5f31910c7352dedf97df7717cd5f7bfeefa8d404380f9fff4427c3995513e66e,TIFF,RGB,1002,666
4cam_auth/4cam_auth/nikond70_02_sub_04.tif,D:\4cam_auth\4cam_auth\nikond70_02_sub_04.tif,0,REAL,4030350,9e05717b25d5a9ac872d47d7b72408fe9d160bc28e3ae69c289f07b773cc7ccb,9d425ccb67c1daee7c5c41ef70fa0034a27ebef072609d0bd846b76809e78769,TIFF,RGB,1002,666
4cam_auth/4cam_auth/nikond70_02_sub_05.tif,D:\4cam_auth\4cam_auth\nikond70_02_sub_05.tif,0,REAL,4038166,34b180abcc18c00561736879fabc00d29ad53300aa3963269df888386b8c1852,e52871d99fba3bcffd7f5a334b52e58c80f8d73bc023f4716295381f19224180,TIFF,RGB,1002,666
4cam_auth/4cam_auth/nikond70_02_sub_06.tif,D:\4cam_auth\4cam_auth\nikond70_02_sub_06.tif,0,REAL,4038180,e9385c79cd6da92c93d14a6feb133034483a6a4c26c1237cddb59c1e771e416e,464050e7ad400b1d70f282d6938478642a2c9297660848dc916e95763805384f,TIFF,RGB,1002,666
4cam_auth/4cam_auth/nikond70_02_sub_07.tif,D:\4cam_auth\4cam_auth\nikond70_02_sub_07.tif,0,REAL,4022468,56af486b771e7d1c0e15d182215451d405aa3f804ccdb6b3e0fe69aec1d093dc,0deaf09061e9768d86a8078a224f26fe9ac466081f0751a1046b0bc7f0816e4b,TIFF,RGB,1002,666
4cam_auth/4cam_auth/nikond70_02_sub_08.tif,D:\4cam_auth\4cam_auth\nikond70_02_sub_08.tif,0,REAL,4038036,b30519b4bb8a402abec996b03da876cb9b3267e4a4cbe575e3a25c1002ef0b37,9aa2cc4f9dfd6f77d9c71613570beacb945ff4d14a8ad799782ad3669134ae79,TIFF,RGB,1002,666
4cam_auth/4cam_auth/nikond70_02_sub_09.tif,D:\4cam_auth\4cam_auth\nikond70_02_sub_09.tif,0,REAL,4037996,24cf284a11f7aecd9a8c914b67b41112f46a80531b1331956e167ea1e8ec6104,df2fc3edd80375234193c24d02f38c20ed5b148d6e005180848f640c608c6ee8,TIFF,RGB,1002,666
4cam_auth/4cam_auth/nikond70_05_sub_01.tif,D:\4cam_auth\4cam_auth\nikond70_05_sub_01.tif,0,REAL,4038206,fe3ff7b742c39bd1753816d00f58e50f110ad7cafa7e9ce94e7ce3e48ae7cba1,6f6d471f3ebbb23b253a71d66ec05bb918fced73a550f11c9276d7df0c4a4410,TIFF,RGB,1002,666
4cam_auth/4cam_auth/nikond70_05_sub_02.tif,D:\4cam_auth\4cam_auth\nikond70_05_sub_02.tif,0,REAL,3998778,48d6875f66e16f44319a05e9facc4d3afa6b8cab684c0a705e34da5e15bb097d,f14ae252353a9806ceed6ba53ad0b06385142f4486f40424cbd189e2454cf355,TIFF,RGB,1002,666
4cam_auth/4cam_auth/nikond70_05_sub_03.tif,D:\4cam_auth\4cam_auth\nikond70_05_sub_03.tif,0,REAL,4035840,0356ffa2dcc9ceef4eb86868440b52bf1e0e8d430ea54001cec7de6c5c370c30,c7490f529abfac43b70872e52ec7afb26a26de154b56a34326d728a0db94ebe1,TIFF,RGB,1002,666
4cam_auth/4cam_auth/nikond70_05_sub_04.tif,D:\4cam_auth\4cam_auth\nikond70_05_sub_04.tif,0,REAL,4038138,cd3d2ded7938be70c2e2cd5c77fdc8022ad074a5e2e672a3b0e16118b1cc13ac,b1792a6090d523661461d4e352d01c439f1b42b12c902dae447891cf14edd1cf,TIFF,RGB,1002,666
4cam_auth/4cam_auth/nikond70_05_sub_05.tif,D:\4cam_auth\4cam_auth\nikond70_05_sub_05.tif,0,REAL,4030802,ae905e86b128be418c87d65e05dcf57ecff4cf5d27f9e593bc2f352f4b9b004d,fddf73d8ec9e29568c8a90ebd47ddf238b1330d2d621980c67782c6b247f486f,TIFF,RGB,1002,666
4cam_auth/4cam_auth/nikond70_05_sub_06.tif,D:\4cam_auth\4cam_auth\nikond70_05_sub_06.tif,0,REAL,4038110,9509a5c2f4d71874e469db943483c1ddddbc10b814db607e6cff372533012707,84ee88843c084d1a3a50110172204bc6372f12935c1d4065d14cab6a5f2709d4,TIFF,RGB,1002,666
4cam_auth/4cam_auth/nikond70_05_sub_07.tif,D:\4cam_auth\4cam_auth\nikond70_05_sub_07.tif,0,REAL,4038142,846026872ec53592d4b373e0460c43459be55fe872f7a3df14f0e90c3c33beec,8ad904d75ee03dc73754c5444a7d66892adc5e4763bc7dcb109eb0b3b51e429f,TIFF,RGB,1002,666
4cam_auth/4cam_auth/nikond70_05_sub_08.tif,D:\4cam_auth\4cam_auth\nikond70_05_sub_08.tif,0,REAL,4038138,25bc8b22d346ea938ce63942250d6b6199c26725b2159cc6692c944da7ed31b7,550ecc9f190014fbd18d671e865e68807122f71cd8cc520c4ee71b84187ece54,TIFF,RGB,1002,666
4cam_auth/4cam_auth/nikond70_05_sub_09.tif,D:\4cam_auth\4cam_auth\nikond70_05_sub_09.tif,0,REAL,4038184,db2fb6d4aa3d39f2ebb0138954ee5f4bc74fc4b708527aef361523d0dfd458d3,a9cbb8d9fa99709302b30bba946c293710d046bc50595ab1a636918be9cb0f7c,TIFF,RGB,1002,666
4cam_auth/4cam_auth/nikond70_08_sub_01.tif,D:\4cam_auth\4cam_auth\nikond70_08_sub_01.tif,0,REAL,4037974,0150ae5e42e89c2854c3effa116c2f79bf416c713cf32bb5ff432e2fd4954d34,86860cdd75d3595ea430f6347576194f5b658406a7c7be79179637f07e9dff78,TIFF,RGB,1002,666
4cam_auth/4cam_auth/nikond70_08_sub_02.tif,D:\4cam_auth\4cam_auth\nikond70_08_sub_02.tif,0,REAL,3924062,4130f4307030439a1b6ebf3f1196eacd42dd87ea9fede6e0ee33d28ea9a954ca,901a17e276e251a00c6118bfe00184242fa1dfdc3c8b7d542d11fb201deba066,TIFF,RGB,1002,666
4cam_auth/4cam_auth/nikond70_08_sub_03.tif,D:\4cam_auth\4cam_auth\nikond70_08_sub_03.tif,0,REAL,4038050,6463d6a084fa69f3377f5df2a822663ec1c9a4ac5c8a8cb9c653232b74a25fdd,3fd852ba277ef5a8ff02cf2e3df49335a646d233d3b62fc952753c395d6cfa90,TIFF,RGB,1002,666
4cam_auth/4cam_auth/nikond70_08_sub_04.tif,D:\4cam_auth\4cam_auth\nikond70_08_sub_04.tif,0,REAL,4038114,34cf50f170a4fb6f53be6419e2aca35730c6366ef40e0f914283899b84156278,7bd9c4c276661a9438a7c43cdc9996725f375593e0578d9b19f8ef475e572e4c,TIFF,RGB,1002,666
4cam_auth/4cam_auth/nikond70_08_sub_05.tif,D:\4cam_auth\4cam_auth\nikond70_08_sub_05.tif,0,REAL,4038186,9adf516aa36fa290da2526495d2d70f238c4d315a3445154d6c1d3964e97e90f,50bc9f237672e8dce9bcb8e8c61d883c5c1d2653374d0a246ad5cf0291f48db2,TIFF,RGB,1002,666
4cam_auth/4cam_auth/nikond70_08_sub_06.tif,D:\4cam_auth\4cam_auth\nikond70_08_sub_06.tif,0,REAL,4037954,279b66db15f09a7832233b411261d3cedeab5a4324b3dfb4e76e210c89f7126d,8a05b25ee82cef742ad11c379bda55e11f19fd369ac1a4013b287f1984c2346a,TIFF,RGB,1002,666
4cam_auth/4cam_auth/nikond70_08_sub_07.tif,D:\4cam_auth\4cam_auth\nikond70_08_sub_07.tif,0,REAL,4038100,636fe1a9bfd373aa9027b12106a56ce4560261094c356db5167a440c20a69f69,a8ff3476e8f67d08aff597ff35bd068bb0a4309e60891d6dd5100f83b3987c3d,TIFF,RGB,1002,666
4cam_auth/4cam_auth/nikond70_08_sub_08.tif,D:\4cam_auth\4cam_auth\nikond70_08_sub_08.tif,0,REAL,4038006,7c953cf63d0fb44f7c808913feb0def860f3652c56741c319eea97e9b7b385d9,68be18e255838b981af2dc214607d9764b6b821ee7a8b49056ab18821143bf86,TIFF,RGB,1002,666
4cam_auth/4cam_auth/nikond70_08_sub_09.tif,D:\4cam_auth\4cam_auth\nikond70_08_sub_09.tif,0,REAL,4037958,4aa2c770f5d608cde4a84343c91ddb42cbc35981b75538cd4a74e0ec8e091bf2,3147787f9df5a545d32d95a661fa1b28e650094cacc6eb55e329fa868e5194a3,TIFF,RGB,1002,666
4cam_auth/4cam_auth/nikond70_11_sub_01.tif,D:\4cam_auth\4cam_auth\nikond70_11_sub_01.tif,0,REAL,4038190,9fada6aae76b7f9b6877c857abd87fbc132a638c7924632d6f39fbd9a33d42db,0309ead836f46fdbf727dbb3851855badb32adb59d724ad9b8425a47a67e0792,TIFF,RGB,1002,666
4cam_auth/4cam_auth/nikond70_11_sub_02.tif,D:\4cam_auth\4cam_auth\nikond70_11_sub_02.tif,0,REAL,4038188,7458b4a1b8f23b52c9505b693f679bc74db2763cfa3192df7c25db0d16dce60b,2d92e4f39fa9d5f4b58c577a4cddf37cb40efce21f7e5acb5be982d95f1fdd12,TIFF,RGB,1002,666
4cam_auth/4cam_auth/nikond70_11_sub_03.tif,D:\4cam_auth\4cam_auth\nikond70_11_sub_03.tif,0,REAL,4038196,18a8e836a87a42590c0aafb73c1be9709400aa5c9ae42aef79efde9f058ff7d7,b2cc9c27799eb7fe9c40f92a840b0dc2da916a9fa2244e8f748563dd5b141899,TIFF,RGB,1002,666
4cam_auth/4cam_auth/nikond70_11_sub_04.tif,D:\4cam_auth\4cam_auth\nikond70_11_sub_04.tif,0,REAL,4038230,77f34af085d608d613da946f4da46cb22b2f8cfb2dea3385c1c51c040cf069dd,82810cb655e54e9d2cbd82d7eedf42a87efe77e0e0b5f79881a23d3bfccd0df1,TIFF,RGB,1002,666
4cam_auth/4cam_auth/nikond70_11_sub_05.tif,D:\4cam_auth\4cam_auth\nikond70_11_sub_05.tif,0,REAL,4038130,d7a7e4f290a1074c8d8a3e4a07dc9bc2e80cfddb10658e9755b7245e0d81039b,69c58968d8baaf7c0860de2883686422b94334296fd2a0ee5f2f554fc5806a39,TIFF,RGB,1002,666
4cam_auth/4cam_auth/nikond70_11_sub_06.tif,D:\4cam_auth\4cam_auth\nikond70_11_sub_06.tif,0,REAL,4038238,f573e3dd43011e07424c4ad7e5a830226b2690eaaa5c16c9aeafe1f180ca7965,07b1b2b201dd602474dd09052b95ad3afc0eb4abdb8c32072bff44d5bcceb93c,TIFF,RGB,1002,666
4cam_auth/4cam_auth/nikond70_11_sub_07.tif,D:\4cam_auth\4cam_auth\nikond70_11_sub_07.tif,0,REAL,4037674,16a2b71eb83be01601a4bd0bb408934bcb6ed99058304cd8be7acef5686d4ff3,0b76b1270025aec2c25983bd4ba773de14c821d163629f2280dbbd1c1abc6c99,TIFF,RGB,1002,666
4cam_auth/4cam_auth/nikond70_11_sub_08.tif,D:\4cam_auth\4cam_auth\nikond70_11_sub_08.tif,0,REAL,4023282,dd806e97da5e3f14283488272dbbc4fc23ba4a10fb34962f5220ab405b282696,e069a3d6f2a26d81a58a72c36f19aedc6dfa06314a09301d559f0f645154a07b,TIFF,RGB,1002,666
4cam_auth/4cam_auth/nikond70_11_sub_09.tif,D:\4cam_auth\4cam_auth\nikond70_11_sub_09.tif,0,REAL,3995390,b1ff358ca5eae3966928080c5fc5be7f8bb1b09f097cacb1ecb7b0fb245cc69e,fe5e3bb5ff013e556eebd7ac75956ec657b8e075405c582d8dc0cb8c92e2dced,TIFF,RGB,1002,666
4cam_splc/4cam_splc/canong3_canonxt_sub_01.tif,D:\4cam_splc\4cam_splc\canong3_canonxt_sub_01.tif,1,FAKE,1290120,cf907487b402219876234a991ce3a9bca201e9fd38d0a4b6d8260c32db4228ed,04cc3b97e9bc510ed53e1623572cf403b130ef2cc47e3e7f3c53d87c7ab6c51c,TIFF,RGB,757,568
4cam_splc/4cam_splc/canong3_canonxt_sub_02.tif,D:\4cam_splc\4cam_splc\canong3_canonxt_sub_02.tif,1,FAKE,1290120,6f6050c0634f0ea4b3d2c7c01f1b4aa4f1772159c80494ccd9cf4e7ee8e79762,2c17d2326c923b54b327f826ad5bb74ca973b238c65bf1d94e267f04bf7b562c,TIFF,RGB,757,568
4cam_splc/4cam_splc/canong3_canonxt_sub_03.tif,D:\4cam_splc\4cam_splc\canong3_canonxt_sub_03.tif,1,FAKE,1290120,3d4ab29d92e080228bec597fad1fab4010b0c40dbbea110f552b4a15e7a5d087,2166747fb10c78e6515308dad420ba7d251a83c083fd912f0bb35c3cf0a492d4,TIFF,RGB,757,568
4cam_splc/4cam_splc/canong3_canonxt_sub_04.tif,D:\4cam_splc\4cam_splc\canong3_canonxt_sub_04.tif,1,FAKE,1290120,f169eef353a85306ac62293acb1ed6275e7a223a801698c7bdf9c4a081fa5d79,bfeffa947cf30d88146f6a4d10b897fdcf669970b2c28d5bdd8f149348138ce6,TIFF,RGB,757,568
4cam_splc/4cam_splc/canong3_canonxt_sub_05.tif,D:\4cam_splc\4cam_splc\canong3_canonxt_sub_05.tif,1,FAKE,1290120,e4c8b93332db89da4a8dbd239b8d0441bd793f4027258e505b066959ef4eb285,a67f4ee3f1681c2aa80a7c899e7ffcb849d8b082cbccfcd6370479e4f648e204,TIFF,RGB,757,568
4cam_splc/4cam_splc/canong3_canonxt_sub_06.tif,D:\4cam_splc\4cam_splc\canong3_canonxt_sub_06.tif,1,FAKE,1290120,d597340769b0051b753aa146b993977192eb15a06785895867098914da8a93ae,6a29de70addeef09443b90be03911c81897c6d79a9f3618f2e4e0af1cf933f8f,TIFF,RGB,757,568
4cam_splc/4cam_splc/canong3_canonxt_sub_07.tif,D:\4cam_splc\4cam_splc\canong3_canonxt_sub_07.tif,1,FAKE,1290120,e98d695b45e303c28f0a9f6bff3de01993375e415626cf1bf56e8f9f8f535bd5,fea42a93cd37f221308db4448f11d0ff873b1b3a32fdcc38343705d1a4bd56b1,TIFF,RGB,757,568
4cam_splc/4cam_splc/canong3_canonxt_sub_08.tif,D:\4cam_splc\4cam_splc\canong3_canonxt_sub_08.tif,1,FAKE,1290120,0b9631f3334afbecd5056874f59ca425654fc22bb22f33db6fd3fcef0214a18c,c4014d864a1e618f36b64acf2248cdaee5074d1c53f7ececa356812602186cde,TIFF,RGB,757,568
4cam_splc/4cam_splc/canong3_canonxt_sub_09.tif,D:\4cam_splc\4cam_splc\canong3_canonxt_sub_09.tif,1,FAKE,1290120,50a77f77f0f4fd0aa1df04b5d5bc08e565d159505c537dd3a3155bafd99d421b,7143e63a6f4c0ce946ebcca84dd2cf34eb12589bb9ab86b5842be1f813ff4978,TIFF,RGB,757,568
4cam_splc/4cam_splc/canong3_canonxt_sub_10.tif,D:\4cam_splc\4cam_splc\canong3_canonxt_sub_10.tif,1,FAKE,1290120,4eb9cf644135e89605710a0ee440c4e8dd1488147e91ee1717ac5a3059a4e865,8fd0bb288e8b4f35435550e7fe0df67a3a3b1482cc3eb45fb5e02ca8adad18c5,TIFF,RGB,757,568
4cam_splc/4cam_splc/canong3_canonxt_sub_11.tif,D:\4cam_splc\4cam_splc\canong3_canonxt_sub_11.tif,1,FAKE,1290120,857463adfce2047aa08fa51e10421e2e7b9f37df49a3f2d4f01d3b9416639761,50cb067be843a2fdfd9f35adfa87d2b52376893848d3a8f02815241a305cddb9,TIFF,RGB,757,568
4cam_splc/4cam_splc/canong3_canonxt_sub_12.tif,D:\4cam_splc\4cam_splc\canong3_canonxt_sub_12.tif,1,FAKE,1290120,052ec53f6443cbedefc09e27404285646a1fe38fed0cef78f1681c5b6e852fe5,20bda99a2a6b0519b6d46d2d83a0ec4ee8dd873fb9d16fe9bc53f6bff55c0077,TIFF,RGB,757,568
4cam_splc/4cam_splc/canong3_canonxt_sub_13.tif,D:\4cam_splc\4cam_splc\canong3_canonxt_sub_13.tif,1,FAKE,1290120,e0ec4675164e5e19ff8c8fa82f82653b712d174fafe2e9de26c0559a2e6cfbda,6715bd68cf938dc2a1842eb0d66b8062e1a74ca574ccec286877bb5502a4678b,TIFF,RGB,757,568
4cam_splc/4cam_splc/canong3_canonxt_sub_14.tif,D:\4cam_splc\4cam_splc\canong3_canonxt_sub_14.tif,1,FAKE,1290120,0017abdefc545f58fe2bafe8e2997e765ccc86d5b38840d75862cadb4e676f4d,e9ce09313914f86016d6999cedad2b01170128cb60b1f6f35b8fd995cd631d5d,TIFF,RGB,757,568
4cam_splc/4cam_splc/canong3_canonxt_sub_15.tif,D:\4cam_splc\4cam_splc\canong3_canonxt_sub_15.tif,1,FAKE,1290120,0e31a59c9d9e6fd04daf6a1cfaa9927474d44128816933d360581085099149a0,81538787b54ea04c5cbd6eaa947ee9e72d95258aaeff260a00b0ee59664e873e,TIFF,RGB,757,568
4cam_splc/4cam_splc/canong3_canonxt_sub_16.tif,D:\4cam_splc\4cam_splc\canong3_canonxt_sub_16.tif,1,FAKE,1290120,a5c4d797659a5dfc5e5df804f47139a57b06a74e1b9f99f0a7eaa2b359271c17,d9d5ef3503bc8f90472bf4df384f21e451b761cb1d1cd452bf51d7012006c82a,TIFF,RGB,757,568
4cam_splc/4cam_splc/canong3_canonxt_sub_17.tif,D:\4cam_splc\4cam_splc\canong3_canonxt_sub_17.tif,1,FAKE,1290120,59dbd783000a8f6d2b7387cdb2e4b0ba1b506e2f0850fe8ec3d8831c9d39e5a5,10b5e34c81bf7b0d02c884fcf9f699c86df1aac00884d31e18a817a3e38770ae,TIFF,RGB,757,568
4cam_splc/4cam_splc/canong3_canonxt_sub_18.tif,D:\4cam_splc\4cam_splc\canong3_canonxt_sub_18.tif,1,FAKE,1290120,2cc3be604ecbc2e1fcac7a88c42a2d7835121e3aa75b24f28f3707a831f34ffa,743fca3f98e0587bafc4da012f5a45ff54153e6d80bb93b42e6417eda459c1a0,TIFF,RGB,757,568
4cam_splc/4cam_splc/canong3_canonxt_sub_19.tif,D:\4cam_splc\4cam_splc\canong3_canonxt_sub_19.tif,1,FAKE,1290120,729201ea6675b5104b8867c4c1bde756ff09bdfb23e20c9d34927c1f861cb270,5206863138ff46bbbe9c05a930ad675d7a19c7e04e6aac5f9fb93a3127a02b5b,TIFF,RGB,757,568
4cam_splc/4cam_splc/canong3_canonxt_sub_20.tif,D:\4cam_splc\4cam_splc\canong3_canonxt_sub_20.tif,1,FAKE,1290120,b0a3a1961fb9a01edbe02827a86e791ceec32a5421b98913a0cce36fe7573f64,7cd91cb5c5693f08de06dd13be84a71897b9a357a70679b9a9918ab764aa0e2d,TIFF,RGB,757,568
4cam_splc/4cam_splc/canong3_canonxt_sub_21.tif,D:\4cam_splc\4cam_splc\canong3_canonxt_sub_21.tif,1,FAKE,1290120,32665f1916e5ed2dfd2d070582e5b19b009a4feca49041bbf552cd7ec79816cc,96c801df1d512da8eb55a1e29ee1439235979aae4582e408f6c744dbe2b601dd,TIFF,RGB,757,568
4cam_splc/4cam_splc/canong3_canonxt_sub_22.tif,D:\4cam_splc\4cam_splc\canong3_canonxt_sub_22.tif,1,FAKE,1290120,65a4e0a7ca805f891bb130c4c7716d9d4ac8e72b8b9a402c76ba811284aac965,fd045522626dec0a2f62f491fec9d84bfca437664365eb77e2478f22d3356298,TIFF,RGB,757,568
4cam_splc/4cam_splc/canong3_canonxt_sub_23.tif,D:\4cam_splc\4cam_splc\canong3_canonxt_sub_23.tif,1,FAKE,1290120,5e9920d08b6b7ef148c901b26b004d32311de18783bf001ea3387d61cd802155,700d84be13f3e43a8612d771cfedb5b53ce59490ceabf595872bb11d39a765d4,TIFF,RGB,757,568
4cam_splc/4cam_splc/canong3_canonxt_sub_24.tif,D:\4cam_splc\4cam_splc\canong3_canonxt_sub_24.tif,1,FAKE,1290120,5074fe0cf4325f5ab552f45489909d523a9a8832ef679702346d60ac826ef845,16ad2793265f258cb986e7d8023216ffbfeb8a0237f17940f6bf38080198a903,TIFF,RGB,757,568
4cam_splc/4cam_splc/canong3_canonxt_sub_25.tif,D:\4cam_splc\4cam_splc\canong3_canonxt_sub_25.tif,1,FAKE,1290120,76e6a69a571597535ff07b45c7b799592af43b911a75ac68164bef683e5b4a68,ef8fe80716b27e3d5436eba84dd9deae61c703e8bcfbe62ec0d390100c6afab2,TIFF,RGB,757,568
4cam_splc/4cam_splc/canong3_canonxt_sub_26.tif,D:\4cam_splc\4cam_splc\canong3_canonxt_sub_26.tif,1,FAKE,1290120,4779a7676225da9f7ce92cda6e2bd5d926216b28c6ddf4e422c590acb5cf9409,c87df8b58013c32a9f4f28818a6167d2db5d4159f5c17d2adbab62e4f6c613e2,TIFF,RGB,757,568
4cam_splc/4cam_splc/canong3_canonxt_sub_27.tif,D:\4cam_splc\4cam_splc\canong3_canonxt_sub_27.tif,1,FAKE,1290120,9acc02ef48e974e141681a1f9630c59fece8c39b0f4ce9c080e284c8564edee2,8f132fe08bd6e9b44559ffa3a344a70e5865593d5cb92b5742a0d60c2c97954c,TIFF,RGB,757,568
4cam_splc/4cam_splc/canong3_canonxt_sub_28.tif,D:\4cam_splc\4cam_splc\canong3_canonxt_sub_28.tif,1,FAKE,1290120,b6035c99437c6698e0b849f53f041b3354467738fdb7272be2c67567c57a2495,f5d39e044cc1158b6cc2b310c01bc3da68fbd06e8a8b7a1b6dbfe2a7176049eb,TIFF,RGB,757,568
4cam_splc/4cam_splc/canong3_canonxt_sub_29.tif,D:\4cam_splc\4cam_splc\canong3_canonxt_sub_29.tif,1,FAKE,1290120,da03d9cc0f34b347f7cc53f4368844f1cf3b7303f41dea80457ccb9bff3b6139,0ce4adcfb05bd973728f5aca83bb152ca200f3e61d1c77fd9427034b888f905a,TIFF,RGB,757,568
4cam_splc/4cam_splc/canong3_canonxt_sub_30.tif,D:\4cam_splc\4cam_splc\canong3_canonxt_sub_30.tif,1,FAKE,1290120,3e6c45a0de9ed64c62439ab7a81f863d0c702ae91074a68693c1f6be83e2f2cf,a0500f8b211b000566793f276035579522d635c4fe83a9822f9e8d33644046dd,TIFF,RGB,757,568
4cam_splc/4cam_splc/canong3_kodakdcs330_sub_01.tif,D:\4cam_splc\4cam_splc\canong3_kodakdcs330_sub_01.tif,1,FAKE,1290120,81f9be7f66d99ec66437c882b6026149e8c6044d4b66a8d4e71db5fa2819cbcb,d6565ffb3509d0d7d46739c5b6b86abca0a9d795b63de5719a75e4715682eca9,TIFF,RGB,757,568
4cam_splc/4cam_splc/canong3_kodakdcs330_sub_02.tif,D:\4cam_splc\4cam_splc\canong3_kodakdcs330_sub_02.tif,1,FAKE,1290120,62f64d0c2369e4c6610f29b90164ecfc63b8f4684ba16c8e4d2b2e1e14f9330f,a9b04942d3d9889ec30dee8e33cd3ebaac3b2f4a51229590acc0b5e2820a5c98,TIFF,RGB,757,568
4cam_splc/4cam_splc/canong3_kodakdcs330_sub_03.tif,D:\4cam_splc\4cam_splc\canong3_kodakdcs330_sub_03.tif,1,FAKE,1290120,dc10f43e9b3f24bf64c70990f7b870021f37054f1a0317aed8661cc44ef7eb4a,5034c8a27c798d921aa537dcc2b7921959fc68a9e46d9ee20f011d31ed93efa0,TIFF,RGB,757,568
4cam_splc/4cam_splc/canong3_kodakdcs330_sub_04.tif,D:\4cam_splc\4cam_splc\canong3_kodakdcs330_sub_04.tif,1,FAKE,1290120,797a2d4220d6fb0680f3c5ae73a826f0801dc30f35c01d4d63ddddebd37db0c1,75fabe7b47b30d0221f589daf1c26e6d8259b8d4ccc800f01494989068ecd862,TIFF,RGB,757,568
4cam_splc/4cam_splc/canong3_kodakdcs330_sub_05.tif,D:\4cam_splc\4cam_splc\canong3_kodakdcs330_sub_05.tif,1,FAKE,1290120,e33c88c01f51a9180bc645a910c1a63a290f11d0d1db0da907e4d1670a3c15ea,40730e972d99fb1687cd8468832dc169bfb9d39869ec59f880c40c3ac0db0269,TIFF,RGB,757,568
4cam_splc/4cam_splc/canong3_kodakdcs330_sub_06.tif,D:\4cam_splc\4cam_splc\canong3_kodakdcs330_sub_06.tif,1,FAKE,1290120,e38e889a71bc23f09f8ce44ad481047fe7533380cbac9caaf2084e4e3a63f699,2e859611ab4dfb02ae29a5184ca5a80118a058d833fefd580359f4b0c78cf425,TIFF,RGB,757,568
4cam_splc/4cam_splc/canong3_kodakdcs330_sub_07.tif,D:\4cam_splc\4cam_splc\canong3_kodakdcs330_sub_07.tif,1,FAKE,1290120,0cc51f7f6332867ee016688a633b307bbe82375f6608994da725c4f3f016c2a6,9b08db53b788473aea1e20c30a540480afcc165a75e0ab2425fe7b2aa2f58763,TIFF,RGB,757,568
4cam_splc/4cam_splc/canong3_kodakdcs330_sub_08.tif,D:\4cam_splc\4cam_splc\canong3_kodakdcs330_sub_08.tif,1,FAKE,1290120,0d72942713f2f0a634f6e6942580ca189db66785350a517614ae30ce95259742,fb1ce73c4f0df6e3af7a656be95bf1463e1577871bd87ccb9f4ba8f00f2015fc,TIFF,RGB,757,568
4cam_splc/4cam_splc/canong3_kodakdcs330_sub_09.tif,D:\4cam_splc\4cam_splc\canong3_kodakdcs330_sub_09.tif,1,FAKE,1290120,8595feb01d5b50a822d5c5180104067e35ef0a33f1d75f78b5991e37bc47893d,ba54d9db49cb1c15151283c94d93f435a2b58fad59e4fce776cdc73ccc007d65,TIFF,RGB,757,568
4cam_splc/4cam_splc/canong3_kodakdcs330_sub_10.tif,D:\4cam_splc\4cam_splc\canong3_kodakdcs330_sub_10.tif,1,FAKE,1290120,797fa6af04fd8b4af72bffb296e28b1edcad12093979618ed0d569d2922e82ed,750dbcb5e336cd94ec2ed93b612ee8f1e8f36ce7f1ac56c030c9481e0ddb7509,TIFF,RGB,757,568
4cam_splc/4cam_splc/canong3_kodakdcs330_sub_11.tif,D:\4cam_splc\4cam_splc\canong3_kodakdcs330_sub_11.tif,1,FAKE,1290120,9bd1034ed71b1eed3fd59bb3da950042a99c4487df2da84254e439c416fe53a9,a81e3d189aa5b0027e47a04e3f6d2097f2435cd36e8b616417d27261675b0c4e,TIFF,RGB,757,568
4cam_splc/4cam_splc/canong3_kodakdcs330_sub_12.tif,D:\4cam_splc\4cam_splc\canong3_kodakdcs330_sub_12.tif,1,FAKE,1290120,8a7895b3b3a25e059e6af51e2cae3929cbb6046b268c1584b6f304f02b898039,e6ac4ab8dccd9b187666e7e4bfcf45597a8ee94069732a5e7bde64933eda5a33,TIFF,RGB,757,568
4cam_splc/4cam_splc/canong3_kodakdcs330_sub_13.tif,D:\4cam_splc\4cam_splc\canong3_kodakdcs330_sub_13.tif,1,FAKE,1290120,127960c8e7d229774e887cd489f071c17d51cfd3edb415a09c3aa032f91a7b8c,916333fe9c487a858f0113252ab823fc589bfa6c93576df85ce2532a159649c3,TIFF,RGB,757,568
4cam_splc/4cam_splc/canong3_kodakdcs330_sub_14.tif,D:\4cam_splc\4cam_splc\canong3_kodakdcs330_sub_14.tif,1,FAKE,1290120,51684cce38f4f6fefa858e28a7bffaab9adfcac35a62ba267df5554ed400ce45,d240f4ca623f1a7f93b2e665427e682ca03782eaa021b978894d1360941102c4,TIFF,RGB,757,568
4cam_splc/4cam_splc/canong3_kodakdcs330_sub_15.tif,D:\4cam_splc\4cam_splc\canong3_kodakdcs330_sub_15.tif,1,FAKE,1290120,c6f7d0907036c5ed940a3fcb2a18b3541266aaa4f3bbe92f27abb07fce93b001,f622f321530bf2233a3571cdb324b9571458b712f9e6858ece1dac797d335c19,TIFF,RGB,757,568
4cam_splc/4cam_splc/canong3_kodakdcs330_sub_16.tif,D:\4cam_splc\4cam_splc\canong3_kodakdcs330_sub_16.tif,1,FAKE,1290120,0e1057bebff09ff44d0e4d7f609b8f25c101ea2c59e8c11439fb9c5d46c2ec43,08b5b9d356194c8b452f82cf183840d6cc0c3fe98d1045a710d098903af36a1f,TIFF,RGB,757,568
4cam_splc/4cam_splc/canong3_kodakdcs330_sub_17.tif,D:\4cam_splc\4cam_splc\canong3_kodakdcs330_sub_17.tif,1,FAKE,1290120,46ad5359600093527afb145003b4f0dbc754e9b80cbd73ec0e28eedcea011bff,f31f96d1cb9f3ec6bdd5d1b1f0f5606952ca56321f9f4bb243668defe667f3c3,TIFF,RGB,757,568
4cam_splc/4cam_splc/canong3_kodakdcs330_sub_18.tif,D:\4cam_splc\4cam_splc\canong3_kodakdcs330_sub_18.tif,1,FAKE,1290120,9b2a8f934a9064f0c3082b8d5b16825f91c466623ac0721c24ef952377a45790,aa3c184dbc83e82747e5ff9fd70195dea46543b781ce9603d307815a2b009326,TIFF,RGB,757,568
4cam_splc/4cam_splc/canong3_kodakdcs330_sub_19.tif,D:\4cam_splc\4cam_splc\canong3_kodakdcs330_sub_19.tif,1,FAKE,1290120,b5e07e94f2c81a87bb849f60441786a2892819909027eb1f5f875a0533c46973,240f2c9dd597adb186be8493a2f2ac1ae0ee120420dbd014bd9f21b015fa5849,TIFF,RGB,757,568
4cam_splc/4cam_splc/canong3_kodakdcs330_sub_20.tif,D:\4cam_splc\4cam_splc\canong3_kodakdcs330_sub_20.tif,1,FAKE,1290120,13bd4e0eaf24a4a618804b0f04dc6e7394fcbe22a447317016a0d70dc4b7793f,a4d57b3c12fa83dda6ca2f9a348b4aff08b688048d05db222c875d183ab96b40,TIFF,RGB,757,568
4cam_splc/4cam_splc/canong3_kodakdcs330_sub_21.tif,D:\4cam_splc\4cam_splc\canong3_kodakdcs330_sub_21.tif,1,FAKE,1290120,cb0f0e30147b34b5f944bcf5840fd61452d09d2909636a1f679806a63a57b2f7,a3478abaf55ab29a78387c422cfc4dc47ac608ba053ba5c03771d45cd32e39dd,TIFF,RGB,757,568
4cam_splc/4cam_splc/canong3_kodakdcs330_sub_22.tif,D:\4cam_splc\4cam_splc\canong3_kodakdcs330_sub_22.tif,1,FAKE,1290120,80054c06024b448ddfab079d9f54ea1e35b03c5820d75a0e649e8a983370965f,2572081935b3e1bc189b432339f20df45df6d06c176363f752a621166321fed4,TIFF,RGB,757,568
4cam_splc/4cam_splc/canong3_kodakdcs330_sub_23.tif,D:\4cam_splc\4cam_splc\canong3_kodakdcs330_sub_23.tif,1,FAKE,1290120,617dd8750461b9e9196d4dd2c86e1d39b4a3b8fcc969c8d94724c9a6b618daa6,8c39a9ca65916da26e1ae485d15bb81cdd670e3df2324def9d42b14439383325,TIFF,RGB,757,568
4cam_splc/4cam_splc/canong3_kodakdcs330_sub_24.tif,D:\4cam_splc\4cam_splc\canong3_kodakdcs330_sub_24.tif,1,FAKE,1290120,8cf93898eb64e2ff97c5aabdad427fdc866ad8402eddf0956c90f46e46e80a55,acf768efe6f39be9d38e186236a1e231b76388daea9bd010d0fb18d606d43466,TIFF,RGB,757,568
4cam_splc/4cam_splc/canong3_kodakdcs330_sub_25.tif,D:\4cam_splc\4cam_splc\canong3_kodakdcs330_sub_25.tif,1,FAKE,1290120,0e05f2c4d6feb00f43801205dc28315654051cdc339d7b7c39ad71f21deca270,decbe5d45c785c13094b057b9d0611887b4b2b96b782e332e659f49eca0cdb00,TIFF,RGB,757,568
4cam_splc/4cam_splc/canong3_kodakdcs330_sub_26.tif,D:\4cam_splc\4cam_splc\canong3_kodakdcs330_sub_26.tif,1,FAKE,1290120,1624c442894fd3424189c8f8d8dac90a4f079e1465e81d65a5a52a5322c91478,79651be6cfab39e36df62da0715fe35b087a97d9f77b2d084e75a153b5daadbe,TIFF,RGB,757,568
4cam_splc/4cam_splc/canong3_kodakdcs330_sub_27.tif,D:\4cam_splc\4cam_splc\canong3_kodakdcs330_sub_27.tif,1,FAKE,1290120,875dc1dce5276e8f2b16930f22a1c5e3f2ef6a98a1e04802550896d653425638,7c149bdbeadaaa818823f1b7ef6f2a56c11fde71501eaa786ac0e0bfe967033c,TIFF,RGB,757,568
4cam_splc/4cam_splc/canong3_kodakdcs330_sub_28.tif,D:\4cam_splc\4cam_splc\canong3_kodakdcs330_sub_28.tif,1,FAKE,1290120,faea40f83bb66a1090447f721ae9cabfd93b151b4c3fff72e1567516425b5cf6,0f90b72c0a196540d19b6d39c76599746454a52710da12c36c619510e3791924,TIFF,RGB,757,568
4cam_splc/4cam_splc/canong3_kodakdcs330_sub_29.tif,D:\4cam_splc\4cam_splc\canong3_kodakdcs330_sub_29.tif,1,FAKE,1290120,502b9e556e8f7904dddc15847d31499dac17141215051300ab5fb40f5a02064e,d9acda830038328c4048762784a11707b85223f64ab375da5f105fa4f3064c7b,TIFF,RGB,757,568
4cam_splc/4cam_splc/canong3_kodakdcs330_sub_30.tif,D:\4cam_splc\4cam_splc\canong3_kodakdcs330_sub_30.tif,1,FAKE,1290120,c608fa85c90f743b20418e67496726d2b413aec3e674bdd7278367757787e5fa,f3638b151393079dbc0c153f2ebb1a8b89d15913594d8948b2c2f1967a645bb4,TIFF,RGB,757,568
4cam_splc/4cam_splc/canong3_nikond70_sub_01.tif,D:\4cam_splc\4cam_splc\canong3_nikond70_sub_01.tif,1,FAKE,1290120,6c148808dd5c2334aad65d25cd147aff48723b68d3ffc6d1596b84f9e99f3567,217bf9874d2da8ba3595820314957849957cc099c8eab4702dcefe3bad96ba9e,TIFF,RGB,757,568
4cam_splc/4cam_splc/canong3_nikond70_sub_02.tif,D:\4cam_splc\4cam_splc\canong3_nikond70_sub_02.tif,1,FAKE,1290120,7a8dccc35fb8309ae109ebc3d8248987271bd2aa52adcc030e636f33763e6443,5f3ddbb645f107ec17bf92c68a3442ab2ac055c1ee310307cd4f87d3720b2979,TIFF,RGB,757,568
4cam_splc/4cam_splc/canong3_nikond70_sub_03.tif,D:\4cam_splc\4cam_splc\canong3_nikond70_sub_03.tif,1,FAKE,1290120,73a2c0f0e2d7010619c80ce5bdeac38c51160065e4a9bf1d5773c5150e6c9c94,5aadf223a1b8e62f2537679bd3ad9cbe2c2669660e41b33dcc7e8a540b520ada,TIFF,RGB,757,568
4cam_splc/4cam_splc/canong3_nikond70_sub_04.tif,D:\4cam_splc\4cam_splc\canong3_nikond70_sub_04.tif,1,FAKE,1290120,993058b7a9c9187362bb97206f60a8ab57a38eac0d426fc98fb1803db429e2ec,7819b1394d1fd69f340cb00ad9c80cc49b3dea10dcbf08a653fdbaa614364237,TIFF,RGB,757,568
4cam_splc/4cam_splc/canong3_nikond70_sub_05.tif,D:\4cam_splc\4cam_splc\canong3_nikond70_sub_05.tif,1,FAKE,1290120,a34b9bc884af6100c951c6665d8afb63dcbf7aea84fdb16182ffa503460b16b7,814f6356f75efc6c6c72aca5e64b5fbd1cac4b3441d8e3d8798bdd140e293703,TIFF,RGB,757,568
4cam_splc/4cam_splc/canong3_nikond70_sub_06.tif,D:\4cam_splc\4cam_splc\canong3_nikond70_sub_06.tif,1,FAKE,1290120,ae7e1ded200f317317b03673ccc0377e82dac6d013953e29ff9bcf6003f17bfb,5f54b7a36f23af859df418418530a57c09cc8d8a7ac30a286feb00c27f3e49ab,TIFF,RGB,757,568
4cam_splc/4cam_splc/canong3_nikond70_sub_07.tif,D:\4cam_splc\4cam_splc\canong3_nikond70_sub_07.tif,1,FAKE,1290120,dafa36fc3d8b9a7a2c62f725f5dcb5f58fd632f2073563a6f2203f5cd77142a7,4baf1ed3dcc1dde65da5bc6cdd9b1d6f40eb70baab5f0eda14793acfd20094da,TIFF,RGB,757,568
4cam_splc/4cam_splc/canong3_nikond70_sub_08.tif,D:\4cam_splc\4cam_splc\canong3_nikond70_sub_08.tif,1,FAKE,1290120,468bb16a80f04ef119cdf0d84a2717f7247f27fb60688a90b185a13810cc4899,2f8f5fe4c8684efea1c47d2bc49f482d292c342dc9334010ca44462be448a864,TIFF,RGB,757,568
4cam_splc/4cam_splc/canong3_nikond70_sub_09.tif,D:\4cam_splc\4cam_splc\canong3_nikond70_sub_09.tif,1,FAKE,1290120,2be1ef78985973c1b165fcd678d1620c8e7ec8e65fac260153c07af8f5d9558e,156fc929d97822002a617911d9714e4b01243ef38f6407216ff42b9ba5e21a79,TIFF,RGB,757,568
4cam_splc/4cam_splc/canong3_nikond70_sub_10.tif,D:\4cam_splc\4cam_splc\canong3_nikond70_sub_10.tif,1,FAKE,1290120,6c0198712327fc19bfddb6e63b5f3beba2bf0b56337ac6a52c82e870c5264b2c,cac42115a54a7f460737f8759710c0d302822e7b5e9b472831a09509b1e8358c,TIFF,RGB,757,568
4cam_splc/4cam_splc/canong3_nikond70_sub_11.tif,D:\4cam_splc\4cam_splc\canong3_nikond70_sub_11.tif,1,FAKE,1290120,fc9771fa88bb1cd184c302213ae30f338df66071ea74650c59588ae81757777d,954c58bf40ff358c74fb8becfa28cf9684333729c2d40f6f120abddbbdfca9c2,TIFF,RGB,757,568
4cam_splc/4cam_splc/canong3_nikond70_sub_12.tif,D:\4cam_splc\4cam_splc\canong3_nikond70_sub_12.tif,1,FAKE,1290120,47413d46abd85624ed9d0fb03999e35b4752129a68e566c9683387e983233a24,4420cd89f9fe5e27aae73821b8320ab5f753d702861938e47c01ba528179ba7a,TIFF,RGB,757,568
4cam_splc/4cam_splc/canong3_nikond70_sub_13.tif,D:\4cam_splc\4cam_splc\canong3_nikond70_sub_13.tif,1,FAKE,1290120,ce8bc41a76031721da600eb9e8ff9858cc3a68d36253897d2d5922d66ad3b887,b02aa16b4a25315cc866f10bf23e11c633fa99872f2ad922497cb605b55921cb,TIFF,RGB,757,568
4cam_splc/4cam_splc/canong3_nikond70_sub_14.tif,D:\4cam_splc\4cam_splc\canong3_nikond70_sub_14.tif,1,FAKE,1290120,9da8d2088914911bf7c0715a90668d3791183d029539834b0fd0f45c6d868b52,7c94264e49826530577e9009abddba8f8738282e4399f95c526abab3dd7a37d0,TIFF,RGB,757,568
4cam_splc/4cam_splc/canong3_nikond70_sub_15.tif,D:\4cam_splc\4cam_splc\canong3_nikond70_sub_15.tif,1,FAKE,1290120,305166f105db18d99c651973538dcf231f09e0b4bf330247785943cbe7a9a3dc,2b60700cdfb533a39d43a22a7fc6538d4b7a1bd35a3bffd0770430070245d6ee,TIFF,RGB,757,568
4cam_splc/4cam_splc/canong3_nikond70_sub_16.tif,D:\4cam_splc\4cam_splc\canong3_nikond70_sub_16.tif,1,FAKE,1290120,116d7fb2ee8dff72d54252055194075d5a83f53b9fd6d0e25d09fe5e59d4ada2,f922c10a237adf275a2d7368719d0fb157e953c60801711f0a8a426e7ef00703,TIFF,RGB,757,568
4cam_splc/4cam_splc/canong3_nikond70_sub_17.tif,D:\4cam_splc\4cam_splc\canong3_nikond70_sub_17.tif,1,FAKE,1290120,e9b3e973d883faadd5db277745fe2747cd9b568f72894ec7f057b187a41bf549,ebd741989dd624de720e53096c8e55736b66d4a58eb9d372b3974646563fe5bf,TIFF,RGB,757,568
4cam_splc/4cam_splc/canong3_nikond70_sub_18.tif,D:\4cam_splc\4cam_splc\canong3_nikond70_sub_18.tif,1,FAKE,1290120,6b0fb36ce3205a14d0ed49c5d1218262ca40cf6f01da494e4f21637dcdb9fc91,cc3713420a07bde4f1e8b3429abdc7ddf09f3ee4865a142353f26650bc3b64c7,TIFF,RGB,757,568
4cam_splc/4cam_splc/canong3_nikond70_sub_19.tif,D:\4cam_splc\4cam_splc\canong3_nikond70_sub_19.tif,1,FAKE,1290120,73a0f7a1ad5656a0c1df5ce9762411c3886bcd57ac3345b4e21fc8277a8b3bd0,cddc18f7632c345dc3885c99ba563b00aa9da8e27075a47141fcf037baff6412,TIFF,RGB,757,568
4cam_splc/4cam_splc/canong3_nikond70_sub_20.tif,D:\4cam_splc\4cam_splc\canong3_nikond70_sub_20.tif,1,FAKE,1290120,ee61d478502adb805a5e00c01b1a38fc70c21fc31045445bb9912946316cbd67,0c29610dd2366804541676f521586469c25c032667029b7c54189d02874fe490,TIFF,RGB,757,568
4cam_splc/4cam_splc/canong3_nikond70_sub_21.tif,D:\4cam_splc\4cam_splc\canong3_nikond70_sub_21.tif,1,FAKE,1290120,7c5fb385e3a1a2e95c6b8e94df38f09a7b00a23c397681443b694c1aeed9de60,7972bae82d2b07b41984a0a76c8a84a3f8f7865d82806634a5cda04d3d41d2cb,TIFF,RGB,757,568
4cam_splc/4cam_splc/canong3_nikond70_sub_22.tif,D:\4cam_splc\4cam_splc\canong3_nikond70_sub_22.tif,1,FAKE,1290120,ba07a9a94f867abad8747e99428989375f28e4dc2907036cf07cb426de94478a,08f4a1c72115c9c279cb9321b1f371a525ef7a7791b0088606c1da6989d7b071,TIFF,RGB,757,568
4cam_splc/4cam_splc/canong3_nikond70_sub_23.tif,D:\4cam_splc\4cam_splc\canong3_nikond70_sub_23.tif,1,FAKE,1290120,102badb28fc5017956e73c1075852cfbc6ae7183d30b4b48be6c723f8699dc4d,970959e8ba9701f96f67b8715157abba81a5049880f8c95631c42bdd11cb6131,TIFF,RGB,757,568
4cam_splc/4cam_splc/canong3_nikond70_sub_24.tif,D:\4cam_splc\4cam_splc\canong3_nikond70_sub_24.tif,1,FAKE,1290120,ec1b8503ffdb5647b61e26e62756852bc64d016e1496efe5bae8f2b18a11cb7a,92e83b10d4ab7920505f50439bb34993878e8892680bfc379939e3ab10672f61,TIFF,RGB,757,568
4cam_splc/4cam_splc/canong3_nikond70_sub_25.tif,D:\4cam_splc\4cam_splc\canong3_nikond70_sub_25.tif,1,FAKE,1290120,06640b827ee4aa37456d211f088a67643cffafbb71f5ca9bf50e7d7ada95271b,7105d817730b2aed99d49575967c3cc1259c0c573ba3bbe41b9545a8608cf15b,TIFF,RGB,757,568
4cam_splc/4cam_splc/canong3_nikond70_sub_26.tif,D:\4cam_splc\4cam_splc\canong3_nikond70_sub_26.tif,1,FAKE,1290120,b9cca0509655a79d3654d5d544a64f9aa9efb60361894ac4429c5f14241dfe00,7edf8dbd19ae7ae343ed601f38f6b87c40d422e811789428e3daffe8dc806cfa,TIFF,RGB,757,568
4cam_splc/4cam_splc/canong3_nikond70_sub_27.tif,D:\4cam_splc\4cam_splc\canong3_nikond70_sub_27.tif,1,FAKE,1290120,c4c76dfea0e4f3c0badb184f298aaa7b7816972a3d9fdfd8b27491dc6d6416dc,01e12f50f970bc1d10c04bb539764673bc9c87903040a33e93577cc228384b5e,TIFF,RGB,757,568
4cam_splc/4cam_splc/canong3_nikond70_sub_28.tif,D:\4cam_splc\4cam_splc\canong3_nikond70_sub_28.tif,1,FAKE,1290120,0ec8ce20ac94d72ad4e412f3e7bc3f68d7805cee7baa126379a46103fff03e5c,d72fac9df5d78a05ee976100249857334fb047f7a1b84151286173f9dd992453,TIFF,RGB,757,568
4cam_splc/4cam_splc/canong3_nikond70_sub_29.tif,D:\4cam_splc\4cam_splc\canong3_nikond70_sub_29.tif,1,FAKE,1290120,d6a0a9cf4db1613ac289803e99dedc169dbc2e840ee294984b98c61f0898f365,4fe7d447b7fcf1b0059064c4758171967cca2057b66fbb58727209b18cd696f1,TIFF,RGB,757,568
4cam_splc/4cam_splc/canong3_nikond70_sub_30.tif,D:\4cam_splc\4cam_splc\canong3_nikond70_sub_30.tif,1,FAKE,1290120,33020d7e3e6c4376d80d86a695070f230b8b8fab1570469864107669349b7246,f0c8bae2e3ff72d06c1406d1f241a9867cb0165f98249e7717fc891bf79565ca,TIFF,RGB,757,568
4cam_splc/4cam_splc/canonxt_kodakdcs330_sub_01.tif,D:\4cam_splc\4cam_splc\canonxt_kodakdcs330_sub_01.tif,1,FAKE,2654400,c09914ae0dbb73382d3afc16101618634f8e458e5ee4d260c4d110308368d7b0,b9fbcd091d16282ee92e4e0f848b253b2032484b849d0fd4a572d2aa9de9fe52,TIFF,RGB,1152,768
4cam_splc/4cam_splc/canonxt_kodakdcs330_sub_02.tif,D:\4cam_splc\4cam_splc\canonxt_kodakdcs330_sub_02.tif,1,FAKE,2654400,a9dd5ce6d99d6628c5dd10b805c3d26bd38bcb69750ef9b144d570b33f838e21,a00d55a01f94582e2f4d0c5a4e4f1d710e3fb2a62e8a2857caecfb526a75512a,TIFF,RGB,1152,768
4cam_splc/4cam_splc/canonxt_kodakdcs330_sub_03.tif,D:\4cam_splc\4cam_splc\canonxt_kodakdcs330_sub_03.tif,1,FAKE,2654400,0c843fc70ef03614e3adc9fc8421afddb2abb7451deae750cf9ee97821a95446,0de3f1a99a7bed81320c5d56bd3534f5fc767460d5807bd02272aaeb5d10ae77,TIFF,RGB,1152,768
4cam_splc/4cam_splc/canonxt_kodakdcs330_sub_04.tif,D:\4cam_splc\4cam_splc\canonxt_kodakdcs330_sub_04.tif,1,FAKE,2654400,f4e1153f137016435cd25c3abaadbc2a072c9f33b627b391b1725eab46f17dca,f578000c731e274d1942bc2d3effb65651ea857fa99dcdbea7ed9a4989e194d6,TIFF,RGB,1152,768
4cam_splc/4cam_splc/canonxt_kodakdcs330_sub_05.tif,D:\4cam_splc\4cam_splc\canonxt_kodakdcs330_sub_05.tif,1,FAKE,2654400,e6fb25dcb83e90827eed7eb57f0222211b08eb3447463fda612efde43d7e6d9d,769b4c13a6aaf9f04ef1690efb5b312d21df8bf199516b3e545089bf2750ae70,TIFF,RGB,1152,768
4cam_splc/4cam_splc/canonxt_kodakdcs330_sub_06.tif,D:\4cam_splc\4cam_splc\canonxt_kodakdcs330_sub_06.tif,1,FAKE,2654400,b13f3a0f070104ef5993575828957844b2c23837b71be46a66f79da73430350e,69042331a3e6a23821549f70313104e41b18c6c8909b6b5a78252d0efe879a7d,TIFF,RGB,1152,768
4cam_splc/4cam_splc/canonxt_kodakdcs330_sub_07.tif,D:\4cam_splc\4cam_splc\canonxt_kodakdcs330_sub_07.tif,1,FAKE,2654400,3a5654f4115d060925aaec7bf56d64bd7cc8ad5461426488b125fc98bb038e66,ddc3027bdb695e2fd645096425437cb1a2ac97d88b0ec309af096590ee70b1ba,TIFF,RGB,1152,768
4cam_splc/4cam_splc/canonxt_kodakdcs330_sub_08.tif,D:\4cam_splc\4cam_splc\canonxt_kodakdcs330_sub_08.tif,1,FAKE,2654400,4a0ce685b8296222090cba944f7acb92f19761a64734cd61eec677de9fb15c1a,a645e7c632fd93b7f09f88abf509195be3323583c3d6d7d6862a995960f56eb9,TIFF,RGB,1152,768
4cam_splc/4cam_splc/canonxt_kodakdcs330_sub_09.tif,D:\4cam_splc\4cam_splc\canonxt_kodakdcs330_sub_09.tif,1,FAKE,2654400,dbcf555501cca23710219511a3609dc0a5f6f532f59e1744184af62f9a5873dc,e6aed571834d264e6980a5dc3c1e8f8a42e45711623482d29363ee3ec61ebbc6,TIFF,RGB,1152,768
4cam_splc/4cam_splc/canonxt_kodakdcs330_sub_10.tif,D:\4cam_splc\4cam_splc\canonxt_kodakdcs330_sub_10.tif,1,FAKE,2654400,8627d2dd73121d8bc3e5d4a2cbc92088a122ffab2291fede60f1f7128608b976,9086a936c8d2b1e93f2a56cbcb05239b9ca3e698702b4a7d2037947ff69720d2,TIFF,RGB,1152,768
4cam_splc/4cam_splc/canonxt_kodakdcs330_sub_11.tif,D:\4cam_splc\4cam_splc\canonxt_kodakdcs330_sub_11.tif,1,FAKE,2654400,af4e0025a6250cd0e2af9feb7e40db20cd998caf0f1e349283eeb80a84800398,dbf4b008c3a9f98f1a74622a5885a79be73367ad8a5d33a22541aefd94174b66,TIFF,RGB,1152,768
4cam_splc/4cam_splc/canonxt_kodakdcs330_sub_12.tif,D:\4cam_splc\4cam_splc\canonxt_kodakdcs330_sub_12.tif,1,FAKE,2654400,7c9f3eb4d715890d5b58d527d00b288c6c4f120a5c773abc7bed119641c88c35,6debec64ab0537e25f790761caabbe3a7a1a2c2147fad09d8ba18e917814e8c9,TIFF,RGB,1152,768
4cam_splc/4cam_splc/canonxt_kodakdcs330_sub_13.tif,D:\4cam_splc\4cam_splc\canonxt_kodakdcs330_sub_13.tif,1,FAKE,2654400,a0436887ca15e1f8a247dc11490b7a1e938c0b8c58979739c85c29018510a93d,c9ce4a0ad3f7804dde1f05cb47043b8849852e881b315e0fa68bba2e8191e1c0,TIFF,RGB,1152,768
4cam_splc/4cam_splc/canonxt_kodakdcs330_sub_14.tif,D:\4cam_splc\4cam_splc\canonxt_kodakdcs330_sub_14.tif,1,FAKE,2654400,9cfc8bf478c876aead57b9a2ae610a8c2baa14d649059266b79cd67a6714dacd,c776f7aae4c11e2a760d2245d5db4a0d233f2de73319c04051aeef7b86f112b6,TIFF,RGB,1152,768
4cam_splc/4cam_splc/canonxt_kodakdcs330_sub_15.tif,D:\4cam_splc\4cam_splc\canonxt_kodakdcs330_sub_15.tif,1,FAKE,2654400,402e86dda7bbd3cbf6beb8d2831a546a05d9eb127b89eb58848d0eaab200ca27,7354caf7aa269c577b3ddf61480a38ea9542c392b23b305ffaae476bd91daed2,TIFF,RGB,1152,768
4cam_splc/4cam_splc/canonxt_kodakdcs330_sub_16.tif,D:\4cam_splc\4cam_splc\canonxt_kodakdcs330_sub_16.tif,1,FAKE,2654400,f9df7e6af2d214cd9b54a2a023edac00ee712b1e44bb380d7666156264a59132,d8ea55bb5c072c6e7037cce571fbf773975b2f1b5c54320f77bd8213866f8ff0,TIFF,RGB,1152,768
4cam_splc/4cam_splc/canonxt_kodakdcs330_sub_17.tif,D:\4cam_splc\4cam_splc\canonxt_kodakdcs330_sub_17.tif,1,FAKE,2654400,7d89f0115b27ac4a98a70d4bd53e48af833f86f9afa0b6f3d37d833b276553bd,f2fd88a1f5d23c7487a6fd0696deb3b658d8adbe143c45a938c5b9731d07b265,TIFF,RGB,768,1152
4cam_splc/4cam_splc/canonxt_kodakdcs330_sub_18.tif,D:\4cam_splc\4cam_splc\canonxt_kodakdcs330_sub_18.tif,1,FAKE,2654400,8bc50a9e4103c4a84917f0254a343442308ec1a7de139461477020a6f05612d8,33ab9a2de5d92cf7b456ca38ae0f36607cbb2a31039d77fdd4f606bb435b5493,TIFF,RGB,768,1152
4cam_splc/4cam_splc/canonxt_kodakdcs330_sub_19.tif,D:\4cam_splc\4cam_splc\canonxt_kodakdcs330_sub_19.tif,1,FAKE,2654400,70ccacf26ae78d3aac2f938b7ebcf49b6cce6effba9ddf69c80b0b74f57d62fd,e668ec95eaeb7ccc15cc4d08d359fe5012d89638fd4e2cabdc88f4c1ce425bc3,TIFF,RGB,768,1152
4cam_splc/4cam_splc/canonxt_kodakdcs330_sub_20.tif,D:\4cam_splc\4cam_splc\canonxt_kodakdcs330_sub_20.tif,1,FAKE,2654400,34dae8f9a31da9c2be8ca414a68031f23c9102e29a1aab013191e2e24e2ffff3,bc15e699584e9f7d92b639df2c2fd65ca18461ab84f383ef0a69971a4b18d21f,TIFF,RGB,1152,768
4cam_splc/4cam_splc/canonxt_kodakdcs330_sub_21.tif,D:\4cam_splc\4cam_splc\canonxt_kodakdcs330_sub_21.tif,1,FAKE,2654400,80c4f64fb91198930983bc1f45de0c8bfe9439fe7af900d02f9857ab8b4cb236,0eadb445926a455ecac7861d7910eb53dc65f82fb16ed38253d8ea36f7d36c96,TIFF,RGB,1152,768
4cam_splc/4cam_splc/canonxt_kodakdcs330_sub_22.tif,D:\4cam_splc\4cam_splc\canonxt_kodakdcs330_sub_22.tif,1,FAKE,2654400,6593faaf224fa945737736f2ce802e905b2a6fd1bb243200739d2a4953305d39,e0843e0df042a6141654998fd53cf0623fa39a82b079dc64c33874edbb3f58fa,TIFF,RGB,1152,768
4cam_splc/4cam_splc/canonxt_kodakdcs330_sub_23.tif,D:\4cam_splc\4cam_splc\canonxt_kodakdcs330_sub_23.tif,1,FAKE,2654400,e12c20282b9ce557edec9467712e516cb985c68f1eb2e7c11f06876abc4dbd91,ae8f9158480bbec5484d4862f482840648b4f6a54c8ed5d74681ae5dccaaf569,TIFF,RGB,768,1152
4cam_splc/4cam_splc/canonxt_kodakdcs330_sub_24.tif,D:\4cam_splc\4cam_splc\canonxt_kodakdcs330_sub_24.tif,1,FAKE,2654400,cfa81364230a2dd4a772672ca1d0891fe9f0da1246b572d106fc9bb619ce6830,da90352c7e05956176cc85322e7ec881aedde2bf8ce5b652bb3716495f28e6f1,TIFF,RGB,1152,768
4cam_splc/4cam_splc/canonxt_kodakdcs330_sub_25.tif,D:\4cam_splc\4cam_splc\canonxt_kodakdcs330_sub_25.tif,1,FAKE,2654400,c13aa770e8a9aeb6c52e25633712938e9e9f0194bf85e73425244c1fcc15f899,a7f9bd4c9e521615c85adbefe1b98acfcb366003e98e7347b7f14b655873a6d8,TIFF,RGB,1152,768
4cam_splc/4cam_splc/canonxt_kodakdcs330_sub_26.tif,D:\4cam_splc\4cam_splc\canonxt_kodakdcs330_sub_26.tif,1,FAKE,2654400,75fc1e0ebb312d7996fa94d881912cfcd11a98bfa9501a0f34b9812e7b62bbe3,056492940777694dd989ad5dd400cebd46c4a43b6ba2c9a7a04540afa346c9a4,TIFF,RGB,1152,768
4cam_splc/4cam_splc/canonxt_kodakdcs330_sub_27.tif,D:\4cam_splc\4cam_splc\canonxt_kodakdcs330_sub_27.tif,1,FAKE,2654400,36ebe73c3a4565209357360956c55810efb6c23bd6bf9867a410f42486af83a5,629742a344004a408dd3835ce361321795d3cd1f0548031a825ff4f89effac42,TIFF,RGB,1152,768
4cam_splc/4cam_splc/canonxt_kodakdcs330_sub_28.tif,D:\4cam_splc\4cam_splc\canonxt_kodakdcs330_sub_28.tif,1,FAKE,2654400,e7f9990c6bea332decfd18739bbf25d04200c755256f8223523f74806dc462d3,8a65bf69929c4e8dbb3a3c1b9bbed53fd052dba00e3068695436038a3c419e39,TIFF,RGB,768,1152
4cam_splc/4cam_splc/canonxt_kodakdcs330_sub_29.tif,D:\4cam_splc\4cam_splc\canonxt_kodakdcs330_sub_29.tif,1,FAKE,2654400,a79c6a191c7bbab85984c47c7ed95edd7e49f1665d65a1ab7892daa5abbde954,cc4f5f2f9f437f307983ac03947f92613fe60aedf4b7fdeb6a86bf4dd4029799,TIFF,RGB,1152,768
4cam_splc/4cam_splc/canonxt_kodakdcs330_sub_30.tif,D:\4cam_splc\4cam_splc\canonxt_kodakdcs330_sub_30.tif,1,FAKE,2654400,3639892113c7825175e9506961c27237cafa8d5e367fb14a995ecaadfd324e97,878436b9449544872d68b030b737886a6c04ee1c3405427676eed83b4fb2d5cb,TIFF,RGB,768,1152
4cam_splc/4cam_splc/nikond70_canonxt_sub_01.tif,D:\4cam_splc\4cam_splc\nikond70_canonxt_sub_01.tif,1,FAKE,2002188,c84272f28ca61e002d267b154392fdec9b91828a3124f5030a7c168d0bb3bffb,8532ec9ccfbbe36474f15cd6bad831b5cbb34644c81bcb5a063ce805f9f4093a,TIFF,RGB,1002,666
4cam_splc/4cam_splc/nikond70_canonxt_sub_02.tif,D:\4cam_splc\4cam_splc\nikond70_canonxt_sub_02.tif,1,FAKE,2002188,4645b7271647d2d491d93afa532a84f9591b0be503cf788b6a2c7cfb08e27836,24ba401af9aa25ccee70890cfc28ea9f95a535832a70bc48a03c9364feff09ff,TIFF,RGB,1002,666
4cam_splc/4cam_splc/nikond70_canonxt_sub_03.tif,D:\4cam_splc\4cam_splc\nikond70_canonxt_sub_03.tif,1,FAKE,2002188,fe2917454f16eb166df47cc91cf42762b014687a73b75ba6167ff85d18cd2c82,aa85132822bf31bf5a58aa2f65fbac7b3319f00585e5cff31074132748c9d0d0,TIFF,RGB,1002,666
4cam_splc/4cam_splc/nikond70_canonxt_sub_04.tif,D:\4cam_splc\4cam_splc\nikond70_canonxt_sub_04.tif,1,FAKE,2002188,f0d2ead43603dfee2344d7b6310cc795490162dc7cf3441be75b8485d8fc9566,d9a74d8e9ae261f30a9eaa00168f66b9f12f5d5ed1b3926676f214926f0537b2,TIFF,RGB,1002,666
4cam_splc/4cam_splc/nikond70_canonxt_sub_05.tif,D:\4cam_splc\4cam_splc\nikond70_canonxt_sub_05.tif,1,FAKE,2002188,a2107e21faeb68a28b6327c2c46702f0f6e99d85f974c58918e9e27171968617,eb5f662a3c117e736d52ce0607e6830e143ad951d09fb4b9dd25e74f6f07f9aa,TIFF,RGB,1002,666
4cam_splc/4cam_splc/nikond70_canonxt_sub_06.tif,D:\4cam_splc\4cam_splc\nikond70_canonxt_sub_06.tif,1,FAKE,2002188,416b8d87d62b13c56c83e72aa9ce8e36e83585c68c62a5785d67ba760d3eced8,7ddfb14044bc4f5ec5bb442ea7f0e602140bd7e4f9b73195a148ace24ced7981,TIFF,RGB,1002,666
4cam_splc/4cam_splc/nikond70_canonxt_sub_07.tif,D:\4cam_splc\4cam_splc\nikond70_canonxt_sub_07.tif,1,FAKE,2002188,6326bfeb31f0f77297d9d6d9bab14c937186cbf0db0998b15c9f8e8a88630d73,0df50feb853c8574994862e3647d6a422b4c648daa3e60c83c2e101cf3600b2c,TIFF,RGB,1002,666
4cam_splc/4cam_splc/nikond70_canonxt_sub_08.tif,D:\4cam_splc\4cam_splc\nikond70_canonxt_sub_08.tif,1,FAKE,2002188,79936c8eb10a6689ac8be9232586767a4d520a3f8e86c62c0fbb97cf2b395d34,b3402ca6c4e98c0566dccf830dd04e4d38b0df093b87158726e89db07fbf7246,TIFF,RGB,1002,666
4cam_splc/4cam_splc/nikond70_canonxt_sub_09.tif,D:\4cam_splc\4cam_splc\nikond70_canonxt_sub_09.tif,1,FAKE,2002188,e0492d643f6611953423ca0f21ad320c9b1540fa88cee5d553e154f51a181167,aa534637388032979bdcda41235b077aef9c4b2f1e9f0175c8eba26172bf11f0,TIFF,RGB,1002,666
4cam_splc/4cam_splc/nikond70_canonxt_sub_10.tif,D:\4cam_splc\4cam_splc\nikond70_canonxt_sub_10.tif,1,FAKE,2002188,bbb42d9b058365e82e83efa9e4a0816c5f357849be62063ca9a3932af932e5c1,237ead23effed4e0eed9ac763f7a7a1bd8fb88aadf264d1af48dcc03088960db,TIFF,RGB,1002,666
4cam_splc/4cam_splc/nikond70_canonxt_sub_11.tif,D:\4cam_splc\4cam_splc\nikond70_canonxt_sub_11.tif,1,FAKE,2002188,4ff11d63902b267d4d98a144e15be5854b1864b5f4e78386b8358b99fff85ec9,3cc98255b1c5f906a23bfb799bd726ee0d81f8d78baee5b8168080149af1c142,TIFF,RGB,1002,666
4cam_splc/4cam_splc/nikond70_canonxt_sub_12.tif,D:\4cam_splc\4cam_splc\nikond70_canonxt_sub_12.tif,1,FAKE,2002188,dee27c64b5e88d8824890a64bcb9f590ae76e2e4b0faab4a4d194fe609e72469,f54adf83a5219a62dc463ebac1d8fc164bb55e707abc8397e5b999cea8c2ac9d,TIFF,RGB,1002,666
4cam_splc/4cam_splc/nikond70_canonxt_sub_13.tif,D:\4cam_splc\4cam_splc\nikond70_canonxt_sub_13.tif,1,FAKE,2002188,f0e7d8e4eca2fbb80c81ff4ddedff8e77364c05b080b46975e457b4abb441e23,0123f787e1ca0f35a424c60f9ce1da14a9a66311caf6d3a78eed92487ab3c6c3,TIFF,RGB,1002,666
4cam_splc/4cam_splc/nikond70_canonxt_sub_14.tif,D:\4cam_splc\4cam_splc\nikond70_canonxt_sub_14.tif,1,FAKE,2002188,301b82b2b9f4329c1de95cedd829da0a5c1172e8371681f5560cdca247ea2b52,6d4da5a187c402e2a1ec1cdec129e7ee182b92ef792ca9721fa218f15ee002df,TIFF,RGB,1002,666
4cam_splc/4cam_splc/nikond70_canonxt_sub_15.tif,D:\4cam_splc\4cam_splc\nikond70_canonxt_sub_15.tif,1,FAKE,2002188,1dce99d3caf801b79fdeb48f8d47bfd6b90f75ccf434ffdaeba36d4c6ba87906,d7abc80d1b397c73e9be2b95a6bfc193bac10a416f7bc62fac7493dbc81192db,TIFF,RGB,1002,666
4cam_splc/4cam_splc/nikond70_canonxt_sub_16.tif,D:\4cam_splc\4cam_splc\nikond70_canonxt_sub_16.tif,1,FAKE,2002188,b19b0112c8f77d8316721d30cab042deaa5d6cf1cad7023d99b1e231e427aad6,777bdb4a6612e12e39bd98e20c474448731ec7d4eec7eb9a8dbb02f5cc06ed9b,TIFF,RGB,1002,666
4cam_splc/4cam_splc/nikond70_canonxt_sub_17.tif,D:\4cam_splc\4cam_splc\nikond70_canonxt_sub_17.tif,1,FAKE,2002188,e64bedad1fba9c0fc708b00026a2c5d3fbe15df403a10d1082c589259e41dcdc,6a208c3a58913164785daffd147f217481e16ed25be7dd3bc04f2e2b0ce8e0ba,TIFF,RGB,1002,666
4cam_splc/4cam_splc/nikond70_canonxt_sub_18.tif,D:\4cam_splc\4cam_splc\nikond70_canonxt_sub_18.tif,1,FAKE,2002188,dffb4f9ccaa3bcda78eb6b7bc4325c73104b41f0ec96d3251ed608ad9e903374,e315890fc170233ca7f1fb0cd69e93d1e06a08f3b28420b3fd8a608bb32ccd9e,TIFF,RGB,1002,666
4cam_splc/4cam_splc/nikond70_canonxt_sub_19.tif,D:\4cam_splc\4cam_splc\nikond70_canonxt_sub_19.tif,1,FAKE,2002188,b8020acb08ea9306e64708b418d3345b1a495819050a81346937e9d485918456,c4fe64e84d25f7a94dcc29f180fff62db791d85b957af2f6e51b7edd0ad1697e,TIFF,RGB,1002,666
4cam_splc/4cam_splc/nikond70_canonxt_sub_20.tif,D:\4cam_splc\4cam_splc\nikond70_canonxt_sub_20.tif,1,FAKE,2002188,1b548ff423866dfe4d683d9215d12e7febf1b4be46a76eaf4788f89f6e526b35,873b39c799683c65a1a94182d4547eff8213767537d52280171cf8a3be214a03,TIFF,RGB,1002,666
4cam_splc/4cam_splc/nikond70_canonxt_sub_21.tif,D:\4cam_splc\4cam_splc\nikond70_canonxt_sub_21.tif,1,FAKE,2002188,c9ec0014d0752fefbd8b5de73e9cc3b3e54dadbc13c85558db9ebd5ec5eab60e,fe6024bbfe5d262e2cb91d04df51c656f3c9ff17dbd5e75fa1d38abb8c6978c7,TIFF,RGB,1002,666
4cam_splc/4cam_splc/nikond70_canonxt_sub_22.tif,D:\4cam_splc\4cam_splc\nikond70_canonxt_sub_22.tif,1,FAKE,2002188,dd59e8e0f38216a9a8fbbb6a1da4a9f7bb4e9739b64807e5fb5744c24eac0e19,99faa971856c133a653c46eab6a98540f95732c203cf1bfdf3e8611e7d684ad4,TIFF,RGB,1002,666
4cam_splc/4cam_splc/nikond70_canonxt_sub_23.tif,D:\4cam_splc\4cam_splc\nikond70_canonxt_sub_23.tif,1,FAKE,2002188,54201888390b1398279032cc043063a25f34dec327d6d446f469949214a9b9c9,99559d8bfc3bd065fbed84f8f45a150f6f4eb21fe702dc75053111e0984d3a5a,TIFF,RGB,1002,666
4cam_splc/4cam_splc/nikond70_canonxt_sub_24.tif,D:\4cam_splc\4cam_splc\nikond70_canonxt_sub_24.tif,1,FAKE,2002188,59bfca8589d6407d45cec768ad6b437664fa7d7f38667dd39ed08bced9a830be,28de6da347636189a8a9810a7a92f99cd1e9035e2c1df2e33ab149096b3f4bbd,TIFF,RGB,1002,666
4cam_splc/4cam_splc/nikond70_canonxt_sub_25.tif,D:\4cam_splc\4cam_splc\nikond70_canonxt_sub_25.tif,1,FAKE,2002188,896c9490255a7181ff3267ce16867c03226ed4bc7a64f5ea0d6a48dc12fda6be,c90ec694c762445c2479fbb1387f415cb60b92f5fe32392ecae91bbae30b5624,TIFF,RGB,1002,666
4cam_splc/4cam_splc/nikond70_canonxt_sub_26.tif,D:\4cam_splc\4cam_splc\nikond70_canonxt_sub_26.tif,1,FAKE,2002188,46bebf3e0446fef04880ac010935ad06e4c18de2cec1fe6b0deac6758890dc2c,e5c3c7f9fa5566bfe2b4a9c52974c3a80f0f8b6b0c33f92539a9df9df732f84d,TIFF,RGB,1002,666
4cam_splc/4cam_splc/nikond70_canonxt_sub_27.tif,D:\4cam_splc\4cam_splc\nikond70_canonxt_sub_27.tif,1,FAKE,2002188,1c9d46e899878686310b506527ea619acbe481e76ebbd1ca84344676b6e5e4e4,65e1a1139a0ef7c2a01424a692de1f86441e44909445b6073478c488110a5ae4,TIFF,RGB,1002,666
4cam_splc/4cam_splc/nikond70_canonxt_sub_28.tif,D:\4cam_splc\4cam_splc\nikond70_canonxt_sub_28.tif,1,FAKE,2002188,9a0eb200b6c77f71a986ec08284b75450af69a1698b405a0d2faf71a1ac61b71,5c2157ea659d2174487693d9f9b4c4d24a3f4be2567bccd371a4e0bf0e7414e0,TIFF,RGB,1002,666
4cam_splc/4cam_splc/nikond70_canonxt_sub_29.tif,D:\4cam_splc\4cam_splc\nikond70_canonxt_sub_29.tif,1,FAKE,2002188,dbce31d9f0b9f1086aae25b36b0cedc6c8cb006bc7408e5cfb62b47bcf728e13,c0191b17ec599e10cfb73c6db5323b1cd3d010d968167818a2c67db2d0029772,TIFF,RGB,1002,666
4cam_splc/4cam_splc/nikond70_canonxt_sub_30.tif,D:\4cam_splc\4cam_splc\nikond70_canonxt_sub_30.tif,1,FAKE,2002188,3144c7e30c5141bf19f2b7113c0bd27ab8dfb3846b3468b0aa633e9888f836f1,e050a946b6b6f3db6a727ebafe1eb7bd5a8eaa64ae93b9bf0b2028285eafb003,TIFF,RGB,1002,666
4cam_splc/4cam_splc/nikond70_kodakdcs330_sub_01.tif,D:\4cam_splc\4cam_splc\nikond70_kodakdcs330_sub_01.tif,1,FAKE,2002188,211abd64b8751bc89cbf23d004bb15fddcd316d2d2b5a94e09ee00c50d3e9c70,7cb04887382792e38734fdb345c211d76b9bc800dc3124f9cd22514a8e9ee5fc,TIFF,RGB,1002,666
4cam_splc/4cam_splc/nikond70_kodakdcs330_sub_02.tif,D:\4cam_splc\4cam_splc\nikond70_kodakdcs330_sub_02.tif,1,FAKE,2002188,7eaca0a943909d73ceecaf11c3a87f6b8ae9d3cebfd0354cefe6dc07fea42dd8,75de4af5edb2238c0c959ef3c0d121e561a3804623c69ec10a650bb9f03fce91,TIFF,RGB,1002,666
4cam_splc/4cam_splc/nikond70_kodakdcs330_sub_03.tif,D:\4cam_splc\4cam_splc\nikond70_kodakdcs330_sub_03.tif,1,FAKE,2002188,cbceae8d330732bf15471077170259f2aced24097d3cefac93fc880d0711f108,e8b255c3995694b12a9a60b4336156767766c5d8ddee45881d483ffa7c4ad7c0,TIFF,RGB,1002,666
4cam_splc/4cam_splc/nikond70_kodakdcs330_sub_04.tif,D:\4cam_splc\4cam_splc\nikond70_kodakdcs330_sub_04.tif,1,FAKE,2002188,3e315e88471c5419c4fa96df5bb05b3921b4ae2994e1912110d0dcaea1381c53,629d67e4b91aae4e5d0946e2fef988d7b49a8ec306f0ac9c4c51352d560f4bc7,TIFF,RGB,1002,666
4cam_splc/4cam_splc/nikond70_kodakdcs330_sub_05.tif,D:\4cam_splc\4cam_splc\nikond70_kodakdcs330_sub_05.tif,1,FAKE,2002188,f8b7360eefa4ceeaf9fc4eda5a8b6395f593cf51cbdceca441ef78e2f1e5adf0,372e4f455a2703275213032a417b3863834b7bd89847d0251ccad09c29163326,TIFF,RGB,1002,666
4cam_splc/4cam_splc/nikond70_kodakdcs330_sub_06.tif,D:\4cam_splc\4cam_splc\nikond70_kodakdcs330_sub_06.tif,1,FAKE,2002188,5bd31f946151f1cc1d250178f1a81b1988a3b04eb09fc66c5907e9efbb033b37,212b673a6e8077be413f9df5a4758f62be818c0df1660889c9bc8c05afceccb3,TIFF,RGB,1002,666
4cam_splc/4cam_splc/nikond70_kodakdcs330_sub_07.tif,D:\4cam_splc\4cam_splc\nikond70_kodakdcs330_sub_07.tif,1,FAKE,2002188,840dc852a97e1bd75ceb14162125f781de3040e2838f4297d83519cd052037dc,2f74a4e4acd33ad06c22c45efec51f4f1e5b14d72040a1e7c4a01b45f75e829c,TIFF,RGB,1002,666
4cam_splc/4cam_splc/nikond70_kodakdcs330_sub_08.tif,D:\4cam_splc\4cam_splc\nikond70_kodakdcs330_sub_08.tif,1,FAKE,2002188,0dd959148424017f80046fe601a6188f7bede5a8d384e51f912d1e8dc4fbe52b,7b578422e4b07352245cdc1747982b5cef95f2d321f379032baa00dbc60b80db,TIFF,RGB,1002,666
4cam_splc/4cam_splc/nikond70_kodakdcs330_sub_09.tif,D:\4cam_splc\4cam_splc\nikond70_kodakdcs330_sub_09.tif,1,FAKE,2002188,0d9dcf6238355b8f978ea9465e5f46da8f083a42f2073341aa34367b14884f24,783cc15475851d6f3ad7280f5c004806643cff7b2fdca3b268aace7861cf166c,TIFF,RGB,1002,666
4cam_splc/4cam_splc/nikond70_kodakdcs330_sub_10.tif,D:\4cam_splc\4cam_splc\nikond70_kodakdcs330_sub_10.tif,1,FAKE,2002188,8b2db3678a9c41b758fcc26b33637c5218ab927f699d4ebd114432eaaba128c2,ebe60057c3beee80671e8d38ce2a4ba68c2ab9377caa83eb2340e75acc64bc70,TIFF,RGB,1002,666
4cam_splc/4cam_splc/nikond70_kodakdcs330_sub_11.tif,D:\4cam_splc\4cam_splc\nikond70_kodakdcs330_sub_11.tif,1,FAKE,2002188,7a6912f8069ce67c71cd08c9af05878bf60e4457817c1891b6d0569bb699119c,cbd2efe8130367abc8fd2af705e2e2803a6491851a2b13ac3eb097e50d689983,TIFF,RGB,1002,666
4cam_splc/4cam_splc/nikond70_kodakdcs330_sub_12.tif,D:\4cam_splc\4cam_splc\nikond70_kodakdcs330_sub_12.tif,1,FAKE,2002188,510be1a096af8b7f4213487541e2005da2ac1e0a8f037ab1b8c464cfdcd52d9f,72ed1311dca21c7bddbb7b76259304aef278b000fe177b06f9c9a75bb8654d8f,TIFF,RGB,1002,666
4cam_splc/4cam_splc/nikond70_kodakdcs330_sub_13.tif,D:\4cam_splc\4cam_splc\nikond70_kodakdcs330_sub_13.tif,1,FAKE,2002188,b8c9456e49424d8e251e3bf87198cc95a68d85a7ced7cfa0732e9da7e2e7e6aa,0e58b92b998f1d7841f6d5374432c6ea6101e28f6c189f8899c58329562efefa,TIFF,RGB,1002,666
4cam_splc/4cam_splc/nikond70_kodakdcs330_sub_14.tif,D:\4cam_splc\4cam_splc\nikond70_kodakdcs330_sub_14.tif,1,FAKE,2002188,bcb548c99a81d36b9f52a5fb4cb3a0ff488497684cea255a33b67098afede4e5,6e36da89b5e604608c2489f06e07f95e040a70feb02dd55581982c088b2ea30a,TIFF,RGB,1002,666
4cam_splc/4cam_splc/nikond70_kodakdcs330_sub_15.tif,D:\4cam_splc\4cam_splc\nikond70_kodakdcs330_sub_15.tif,1,FAKE,2002188,91c349fce8a2ddb56e4c067c7eda932bb0cb2f0193277775997bd71c0314ac26,ffe7dc61a985a21a9b0f2170ffbb1868f4997312e0cec530ba099c6d4c80a11c,TIFF,RGB,1002,666
4cam_splc/4cam_splc/nikond70_kodakdcs330_sub_16.tif,D:\4cam_splc\4cam_splc\nikond70_kodakdcs330_sub_16.tif,1,FAKE,2002188,552fffa466214c4e07c39ce76d78039528581243996fbd5580bd74d6261f6a50,4a68700aa504570d22f69b7897e822e6735e7047e05722cb04a25fd4aef7060e,TIFF,RGB,1002,666
4cam_splc/4cam_splc/nikond70_kodakdcs330_sub_17.tif,D:\4cam_splc\4cam_splc\nikond70_kodakdcs330_sub_17.tif,1,FAKE,2002188,d666dec5d7d87c50454b86f0ab8291ef36369ea21ee76cdfdd5f6d2325c71caf,9b81991e6e1ac0684e344375a72b8e22cc3aeeb5ba506b51590b04646e5b2ee3,TIFF,RGB,1002,666
4cam_splc/4cam_splc/nikond70_kodakdcs330_sub_18.tif,D:\4cam_splc\4cam_splc\nikond70_kodakdcs330_sub_18.tif,1,FAKE,2002188,76500b7dd06d28d99e480f7afad99c95288c714046e5578935e195fdd2eccdf6,61cc7a41f5a6c5d4b5085960f165626fa69627894e96e8a983316ca39d404b5d,TIFF,RGB,1002,666
4cam_splc/4cam_splc/nikond70_kodakdcs330_sub_19.tif,D:\4cam_splc\4cam_splc\nikond70_kodakdcs330_sub_19.tif,1,FAKE,2002188,c09c6e4ceeb030ea8f820e39a8dc84cdabb963f09e98d9e9314d951f3870b637,3fdb38e05a8da554fe8b0f9626bf3768758554af36a93be705616bcc2fc412da,TIFF,RGB,1002,666
4cam_splc/4cam_splc/nikond70_kodakdcs330_sub_20.tif,D:\4cam_splc\4cam_splc\nikond70_kodakdcs330_sub_20.tif,1,FAKE,2002188,bb45c1b8cd3e9cacb19c80d77013fd85fe128e09aa4d6a2cb0f797bfc6c42290,a86b877b717e9c1743e5903ec4d1e48a79fc76ddedf8fc54ecc4c000cdf89ed4,TIFF,RGB,1002,666
4cam_splc/4cam_splc/nikond70_kodakdcs330_sub_21.tif,D:\4cam_splc\4cam_splc\nikond70_kodakdcs330_sub_21.tif,1,FAKE,2002188,313a06624e819fc462df2ca8eec21b554b1da7960835cd1260837ca145b599df,b347ce8cc80f6b20b6c08ca1803362cf8a1035442138f7f185f6092bb932084a,TIFF,RGB,1002,666
4cam_splc/4cam_splc/nikond70_kodakdcs330_sub_22.tif,D:\4cam_splc\4cam_splc\nikond70_kodakdcs330_sub_22.tif,1,FAKE,2002188,377c1733f37d678a2a99034848f396199859546d9081836f9dc58b2e51264100,8917a1bf6aad9bf66a0e8e6e25bc56bbd9b8ce3fd926b2346f66ea79a2d85c27,TIFF,RGB,1002,666
4cam_splc/4cam_splc/nikond70_kodakdcs330_sub_23.tif,D:\4cam_splc\4cam_splc\nikond70_kodakdcs330_sub_23.tif,1,FAKE,2002188,84f0774e135a72aed9364b18aa76662e76c2c4c9d47234d5c6963c243b0f92eb,b5f47ceb91e95bbbc2afa9b1bc5b6ad9c6da21378fa275eaa8b6713032106299,TIFF,RGB,1002,666
4cam_splc/4cam_splc/nikond70_kodakdcs330_sub_24.tif,D:\4cam_splc\4cam_splc\nikond70_kodakdcs330_sub_24.tif,1,FAKE,2002188,eb30327dfcd90123b085529af154793fb3d5591f734a9056349fdc3b4bb39dc8,30a042300d795ddb099d9ad1875a4bd936263dd469b265c5057ae6df5b30db74,TIFF,RGB,1002,666
4cam_splc/4cam_splc/nikond70_kodakdcs330_sub_25.tif,D:\4cam_splc\4cam_splc\nikond70_kodakdcs330_sub_25.tif,1,FAKE,2002188,73510ccf6c342f9609f94532cc53f5960a10fa885d9380af8a4491386d60125e,e8acaa462e8b3e8c6d78b5c942955db4bc6afcc6a3ac2d005b690f84ef0f9565,TIFF,RGB,1002,666
4cam_splc/4cam_splc/nikond70_kodakdcs330_sub_26.tif,D:\4cam_splc\4cam_splc\nikond70_kodakdcs330_sub_26.tif,1,FAKE,2002188,5ab71cda3dbf5a10f8e187947739dfa2a01a6b4fe6544a8c58272fa6f4379032,eb24616ebe2720ca62c01026beb1225b3e6d0e08198c0d994ad6cc10be966faf,TIFF,RGB,1002,666
4cam_splc/4cam_splc/nikond70_kodakdcs330_sub_27.tif,D:\4cam_splc\4cam_splc\nikond70_kodakdcs330_sub_27.tif,1,FAKE,2002188,60ca8a65b225e10cb1a52d2c00ddf987c9c6a83195666b325c473a923b94f856,92bb9101c0e71f8a3ee7ab2ace9a686a110685009c2bf95b081a5d48937d6d41,TIFF,RGB,1002,666
4cam_splc/4cam_splc/nikond70_kodakdcs330_sub_28.tif,D:\4cam_splc\4cam_splc\nikond70_kodakdcs330_sub_28.tif,1,FAKE,2002188,d64fdee2cac84ed2e9c74697641432c5a32640106c5c0815dfdb6ec466cc3306,c1400eef068c9648474d8222b4c82b6ddae5687714a0c71053998300f947caba,TIFF,RGB,1002,666
4cam_splc/4cam_splc/nikond70_kodakdcs330_sub_29.tif,D:\4cam_splc\4cam_splc\nikond70_kodakdcs330_sub_29.tif,1,FAKE,2002188,a553528feb7827e06cbb6dc5e3c3d5a9f33d35dee02f18f945c374107e4ce826,54960362e847ccfc78eb359f1589603d3fc76abbb8ce01e644cc9f882b213792,TIFF,RGB,1002,666
4cam_splc/4cam_splc/nikond70_kodakdcs330_sub_30.tif,D:\4cam_splc\4cam_splc\nikond70_kodakdcs330_sub_30.tif,1,FAKE,2002188,379f63a43ad0216e05df496d93612ecac557aa9c038130bf139bb09db25b3b7d,57456c258bdb537f2d0b75f3fac7aeb40d78d217e87fa47fcef5f0ee7acf1124,TIFF,RGB,1002,666
