class,path
FAKE,D:/Diplom/ela_core/datasets/Some_data_sets/CASIA2/Tp\Tp_D_NRD_S_N_arc00025_cha00001_00245.tif
FAKE,D:/Diplom/ela_core/datasets/Some_data_sets/CASIA2/Tp\Tp_S_NNN_S_N_pla20086_pla20086_01986.tif
FAKE,D:/Diplom/ela_core/datasets/Some_data_sets/CASIA2/Tp\Tp_S_CRN_M_N_txt00073_txt00073_11304.jpg
FAKE,D:/Diplom/ela_core/datasets/Some_data_sets/CASIA2/Tp\Tp_D_NRN_M_B_sec00020_cha00095_00041.tif
FAKE,D:/Diplom/ela_core/datasets/Some_data_sets/CASIA2/Tp\Tp_S_NNN_S_N_ani20024_ani20024_02067.tif
FAKE,D:/Diplom/ela_core/datasets/Some_data_sets/CASIA2/Tp\Tp_S_NNN_S_N_arc00046_arc00046_01080.tif
FAKE,D:/Diplom/ela_core/datasets/Some_data_sets/CASIA2/Tp\Tp_S_NRN_S_N_pla00049_pla00049_10984.jpg
FAKE,D:/Diplom/ela_core/datasets/Some_data_sets/CASIA2/Tp\Tp_S_CND_S_N_pla20091_pla20091_02351.tif
FAKE,D:/Diplom/ela_core/datasets/Some_data_sets/CASIA2/Tp\Tp_S_NRN_S_N_ind00042_ind00042_10885.jpg
FAKE,D:/Diplom/ela_core/datasets/Some_data_sets/CASIA2/Tp\Tp_S_CRD_S_N_arc00001_arc00001_00221.tif
FAKE,D:/Diplom/ela_core/datasets/CASIA1/Sp\Sp_D_NRD_A_art0033_art0029_0578.jpg
FAKE,D:/Diplom/ela_core/datasets/Some_data_sets/CASIA2/Tp\Tp_S_NNN_S_N_pla00096_pla00096_00932.tif
FAKE,D:/Diplom/ela_core/datasets/Some_data_sets/CASIA2/Tp\Tp_S_NRD_S_B_art20001_art20001_01807.tif
FAKE,D:/Diplom/ela_core/datasets/Some_data_sets/CASIA2/Tp\Tp_D_NRN_S_N_cha00029_ani10123_11687.jpg
FAKE,D:/Diplom/ela_core/datasets/Some_data_sets/CASIA2/Tp\Tp_D_NRD_S_B_art00091_ind00098_01389.tif
FAKE,D:/Diplom/ela_core/datasets/Some_data_sets/CASIA2/Tp\Tp_S_CNN_S_N_pla00049_pla00049_10723.jpg
FAKE,D:/Diplom/ela_core/datasets/Some_data_sets/CASIA2/Tp\Tp_S_NNN_S_N_art00095_art00095_01005.tif
FAKE,D:/Diplom/ela_core/datasets/Some_data_sets/CASIA2/Tp\Tp_D_NRN_M_N_nat10110_cha00062_11383.jpg
FAKE,D:/Diplom/ela_core/datasets/Some_data_sets/CASIA2/Tp\Tp_D_NRN_S_N_sec00087_ani00037_00720.tif
FAKE,D:/Diplom/ela_core/datasets/Some_data_sets/CASIA2/Tp\Tp_S_CNN_S_N_pla00057_pla00057_01166.tif
FAKE,D:/Diplom/ela_core/datasets/Some_data_sets/CASIA2/Tp\Tp_S_NNN_S_N_ind00054_ind00054_01343.tif
FAKE,D:/Diplom/ela_core/datasets/CASIA1/Sp\Sp_D_NNN_A_txt0065_txt0067_0151.jpg
FAKE,D:/Diplom/ela_core/datasets/Some_data_sets/CASIA2/Tp\Tp_S_NRN_S_N_cha00039_cha00039_11013.jpg
FAKE,D:/Diplom/ela_core/datasets/Some_data_sets/CASIA2/Tp\Tp_D_NNN_M_N_arc00054_arc00005_10006.tif
FAKE,D:/Diplom/ela_core/datasets/CASIA1/Sp\Sp_S_NNN_R_txt0025_txt0025_0025.jpg
FAKE,D:/Diplom/ela_core/datasets/CASIA1/Sp\Sp_D_NRN_A_cha0004_cha0016_0505.jpg
FAKE,D:/Diplom/ela_core/datasets/Some_data_sets/CASIA2/Tp\Tp_S_NRN_S_N_ind20002_ind20002_01743.tif
FAKE,D:/Diplom/ela_core/datasets/Some_data_sets/CASIA2/Tp\Tp_S_NRN_S_N_arc20035_arc20035_02474.tif
FAKE,D:/Diplom/ela_core/datasets/Some_data_sets/CASIA2/Tp\Tp_S_NNN_S_N_nat00063_nat00063_00670.tif
FAKE,D:/Diplom/ela_core/datasets/Some_data_sets/CASIA2/Tp\Tp_S_CNN_S_B_cha20005_cha20005_02419.tif
FAKE,D:/Diplom/ela_core/datasets/Some_data_sets/CASIA2/Tp\Tp_S_CRN_S_N_sec20089_sec20089_01679.tif
FAKE,D:/Diplom/ela_core/datasets/Some_data_sets/CASIA2/Tp\Tp_D_NRN_S_N_cha00018_ani00061_00338.tif
FAKE,D:/Diplom/ela_core/datasets/Some_data_sets/CASIA2/Tp\Tp_D_NRN_S_N_arc00013_ani00005_00233.tif
FAKE,D:/Diplom/ela_core/datasets/CASIA1/Sp\Sp_D_NNN_A_ani0028_pla0007_0284.jpg
FAKE,D:/Diplom/ela_core/datasets/Some_data_sets/CASIA2/Tp\Tp_D_NRN_S_N_nat10158_ani00005_12026.jpg
FAKE,D:/Diplom/ela_core/datasets/Some_data_sets/CASIA2/Tp\Tp_S_CRN_S_N_ani10145_ani10145_12476.jpg
FAKE,D:/Diplom/ela_core/datasets/Some_data_sets/CASIA2/Tp\Tp_S_NNN_S_N_ind20004_ind20004_02264.tif
FAKE,D:/Diplom/ela_core/datasets/Some_data_sets/CASIA2/Tp\Tp_D_NRD_L_N_txt00002_art10104_10232.tif
FAKE,D:/Diplom/ela_core/datasets/Some_data_sets/CASIA2/Tp\Tp_S_NRN_M_N_cha10114_nat10114_12181.jpg
FAKE,D:/Diplom/ela_core/datasets/CASIA1/Sp\Sp_D_NNN_C_art0017_art0018_0366.jpg
FAKE,D:/Diplom/ela_core/datasets/Some_data_sets/CASIA2/Tp\Tp_S_CND_S_N_art20067_art20067_02500.tif
FAKE,D:/Diplom/ela_core/datasets/Some_data_sets/CASIA2/Tp\Tp_D_CNN_M_N_sec00011_cha00085_11227.jpg
FAKE,D:/Diplom/ela_core/datasets/Some_data_sets/CASIA2/Tp\Tp_S_NNN_S_N_art10002_art10002_20040.jpg
FAKE,D:/Diplom/ela_core/datasets/Some_data_sets/CASIA2/Tp\Tp_D_NRN_S_N_ind00082_ind00086_10684.jpg
FAKE,D:/Diplom/ela_core/datasets/Some_data_sets/CASIA2/Tp\Tp_S_NNN_S_N_ind20035_ind20035_01776.tif
FAKE,D:/Diplom/ela_core/datasets/Some_data_sets/CASIA2/Tp\Tp_S_CNN_S_N_ind20044_ind20044_02292.tif
FAKE,D:/Diplom/ela_core/datasets/Some_data_sets/CASIA2/Tp\Tp_S_NRN_S_N_ani00092_ani00092_00212.tif
FAKE,D:/Diplom/ela_core/datasets/Some_data_sets/CASIA2/Tp\Tp_S_NNN_S_N_sec00013_sec00013_00746.tif
FAKE,D:/Diplom/ela_core/datasets/CASIA1/Sp\Sp_D_NRD_A_nat0093_nat0094_0182.jpg
FAKE,D:/Diplom/ela_core/datasets/Some_data_sets/CASIA2/Tp\Tp_D_CRN_M_N_nat10149_nat00013_12004.jpg
FAKE,D:/Diplom/ela_core/datasets/Some_data_sets/CASIA2/Tp\Tp_S_NRN_S_B_pla00014_pla00014_10986.jpg
FAKE,D:/Diplom/ela_core/datasets/Some_data_sets/CASIA2/Tp\Tp_S_NNN_M_N_ani00017_ani00017_10209.tif
FAKE,D:/Diplom/ela_core/datasets/CASIA1/Sp\Sp_D_NRN_A_ani0086_pla0034_0440.jpg
FAKE,D:/Diplom/ela_core/datasets/Some_data_sets/CASIA2/Tp\Tp_D_CRN_M_B_sec00085_arc00065_11450.jpg
FAKE,D:/Diplom/ela_core/datasets/Some_data_sets/CASIA2/Tp\Tp_D_NRN_M_N_arc10120_nat10132_12142.jpg
FAKE,D:/Diplom/ela_core/datasets/Some_data_sets/CASIA2/Tp\Tp_D_NRN_S_N_ind00002_art00098_11747.jpg
FAKE,D:/Diplom/ela_core/datasets/CASIA1/Sp\Sp_D_NRN_A_ani0069_nat0093_0422.jpg
FAKE,D:/Diplom/ela_core/datasets/CASIA1/Sp\Sp_D_NNN_A_arc0052_ani0017_0293.jpg
FAKE,D:/Diplom/ela_core/datasets/CASIA1/Sp\Sp_S_NNN_A_ani0042_ani0042_0010.jpg
FAKE,D:/Diplom/ela_core/datasets/Some_data_sets/CASIA2/Tp\Tp_D_NRN_M_N_nat10110_cha00070_11373.jpg
FAKE,D:/Diplom/ela_core/datasets/Some_data_sets/CASIA2/Tp\Tp_D_NNN_S_N_sec00098_sec00082_10364.tif
FAKE,D:/Diplom/ela_core/datasets/Some_data_sets/CASIA2/Tp\Tp_D_NRN_S_N_nat00002_ani00058_11515.jpg
FAKE,D:/Diplom/ela_core/datasets/Some_data_sets/CASIA2/Tp\Tp_S_NNN_S_N_ind00018_ind00018_10708.jpg
FAKE,D:/Diplom/ela_core/datasets/Some_data_sets/CASIA2/Tp\Tp_S_NNN_S_N_arc00018_arc00018_00238.tif
FAKE,D:/Diplom/ela_core/datasets/Some_data_sets/CASIA2/Tp\Tp_D_NRN_S_N_nat10139_cha00063_11942.jpg
FAKE,D:/Diplom/ela_core/datasets/CASIA1/Sp\Sp_D_NRN_A_sec0045_cha0026_0556.jpg
FAKE,D:/Diplom/ela_core/datasets/Some_data_sets/CASIA2/Tp\Tp_D_CRN_S_N_pla00037_pla00038_10064.tif
FAKE,D:/Diplom/ela_core/datasets/Some_data_sets/CASIA2/Tp\Tp_S_CND_S_N_sec00078_sec00078_10386.tif
FAKE,D:/Diplom/ela_core/datasets/Some_data_sets/CASIA2/Tp\Tp_S_CNN_M_N_ind00009_ind00009_10415.tif
FAKE,D:/Diplom/ela_core/datasets/Some_data_sets/CASIA2/Tp\Tp_S_NRN_S_B_ani00096_ani00096_00216.tif
FAKE,D:/Diplom/ela_core/datasets/Some_data_sets/CASIA2/Tp\Tp_D_CRD_M_N_arc10116_arc10116_10762.jpg
FAKE,D:/Diplom/ela_core/datasets/Some_data_sets/CASIA2/Tp\Tp_S_NNN_S_N_ind20060_ind20060_02303.tif
FAKE,D:/Diplom/ela_core/datasets/Some_data_sets/CASIA2/Tp\Tp_S_NRN_S_N_pla20051_pla20051_01951.tif
FAKE,D:/Diplom/ela_core/datasets/Some_data_sets/CASIA2/Tp\Tp_D_CRD_M_N_art00058_art00051_10534.tif
FAKE,D:/Diplom/ela_core/datasets/Some_data_sets/CASIA2/Tp\Tp_S_NRD_S_N_pla20018_pla20018_02489.tif
FAKE,D:/Diplom/ela_core/datasets/Some_data_sets/CASIA2/Tp\Tp_S_NNN_S_N_pla00035_pla00035_00570.tif
FAKE,D:/Diplom/ela_core/datasets/Some_data_sets/CASIA2/Tp\Tp_D_NRN_S_N_sec00071_sec00071_00092.tif
FAKE,D:/Diplom/ela_core/datasets/CASIA1/Sp\Sp_D_NRN_A_art0097_cha0021_0483.jpg
FAKE,D:/Diplom/ela_core/datasets/Some_data_sets/CASIA2/Tp\Tp_D_NRN_S_N_sec00009_art00076_11744.jpg
FAKE,D:/Diplom/ela_core/datasets/Some_data_sets/CASIA2/Tp\Tp_S_NRN_S_N_ind00013_ind00013_20069.jpg
FAKE,D:/Diplom/ela_core/datasets/Some_data_sets/CASIA2/Tp\Tp_S_NND_S_N_ani20009_ani20009_02438.tif
FAKE,D:/Diplom/ela_core/datasets/Some_data_sets/CASIA2/Tp\Tp_S_NNN_S_M_ind00055_ind00055_10907.jpg
FAKE,D:/Diplom/ela_core/datasets/CASIA1/Sp\Sp_D_CRN_A_nat0013_cha0086_0383.jpg
FAKE,D:/Diplom/ela_core/datasets/Some_data_sets/CASIA2/Tp\Tp_D_CRN_S_B_cha00082_cha00050_00402.tif
FAKE,D:/Diplom/ela_core/datasets/Some_data_sets/CASIA2/Tp\Tp_D_NNN_M_N_sec00064_nat00097_11260.jpg
FAKE,D:/Diplom/ela_core/datasets/Some_data_sets/CASIA2/Tp\Tp_D_NRN_S_N_pla00029_pla00030_10947.jpg
FAKE,D:/Diplom/ela_core/datasets/CASIA1/Sp\Sp_S_NNN_C_txt0059_txt0059_0059.jpg
FAKE,D:/Diplom/ela_core/datasets/Some_data_sets/CASIA2/Tp\Tp_S_NNN_S_N_sec00012_sec00012_00740.tif
FAKE,D:/Diplom/ela_core/datasets/Some_data_sets/CASIA2/Tp\Tp_S_NRN_S_N_sec00051_sec00051_11241.jpg
FAKE,D:/Diplom/ela_core/datasets/Some_data_sets/CASIA2/Tp\Tp_D_NNN_S_N_sec00007_sec00025_10773.jpg
FAKE,D:/Diplom/ela_core/datasets/Some_data_sets/CASIA2/Tp\Tp_D_CNN_S_N_art00011_art00014_11841.jpg
FAKE,D:/Diplom/ela_core/datasets/CASIA1/Sp\Sp_D_NNN_A_pla0063_pla0013_0340.jpg
FAKE,D:/Diplom/ela_core/datasets/Some_data_sets/CASIA2/Tp\Tp_D_NRN_S_B_ani00021_ani00020_20015.jpg
FAKE,D:/Diplom/ela_core/datasets/Some_data_sets/CASIA2/Tp\Tp_D_NNN_S_N_pla00088_ani00100_00610.tif
FAKE,D:/Diplom/ela_core/datasets/Some_data_sets/CASIA2/Tp\Tp_S_NNN_S_B_ani00025_ani00025_00145.tif
FAKE,D:/Diplom/ela_core/datasets/CASIA1/Sp\Sp_S_NNN_C_txt0045_txt0045_0045.jpg
FAKE,D:/Diplom/ela_core/datasets/Some_data_sets/CASIA2/Tp\Tp_D_NRN_S_N_sec00023_ind00042_10886.jpg
FAKE,D:/Diplom/ela_core/datasets/Some_data_sets/CASIA2/Tp\Tp_D_NRD_S_N_cha00021_cha00020_00341.tif
FAKE,D:/Diplom/ela_core/datasets/Some_data_sets/CASIA2/Tp\Tp_D_NRN_S_N_nat10156_ani00058_12013.jpg
FAKE,D:/Diplom/ela_core/datasets/Some_data_sets/CASIA2/Tp\Tp_D_NRN_S_N_ind00066_ind00071_10697.jpg
FAKE,D:/Diplom/ela_core/datasets/Some_data_sets/CASIA2/Tp\Tp_S_NNN_M_N_ind00100_ind00100_10631.jpg
FAKE,D:/Diplom/ela_core/datasets/Some_data_sets/CASIA2/Tp\Tp_D_NNN_S_N_ani10177_ani10179_12488.jpg
FAKE,D:/Diplom/ela_core/datasets/Some_data_sets/CASIA2/Tp\Tp_D_CRD_S_B_sec20007_sec20007_01442.tif
FAKE,D:/Diplom/ela_core/datasets/Some_data_sets/CASIA2/Tp\Tp_S_CNN_M_N_ind00026_ind00026_10397.tif
FAKE,D:/Diplom/ela_core/datasets/Some_data_sets/CASIA2/Tp\Tp_D_CRN_S_B_sec00050_sec00055_11246.jpg
FAKE,D:/Diplom/ela_core/datasets/Some_data_sets/CASIA2/Tp\Tp_D_NNN_S_B_nat00021_cha00063_00639.tif
FAKE,D:/Diplom/ela_core/datasets/Some_data_sets/CASIA2/Tp\Tp_D_NRN_S_N_cha10109_ani00070_11586.jpg
FAKE,D:/Diplom/ela_core/datasets/Some_data_sets/CASIA2/Tp\Tp_S_CRN_S_O_art00040_art00040_10463.tif
FAKE,D:/Diplom/ela_core/datasets/Some_data_sets/CASIA2/Tp\Tp_S_NNN_S_N_sec00035_sec00035_11249.jpg
FAKE,D:/Diplom/ela_core/datasets/Some_data_sets/CASIA2/Tp\Tp_D_NRN_S_N_art00071_ind00034_01397.tif
FAKE,D:/Diplom/ela_core/datasets/Some_data_sets/CASIA2/Tp\Tp_S_NNN_S_N_sec00071_sec00071_11274.jpg
FAKE,D:/Diplom/ela_core/datasets/CASIA1/Sp\Sp_S_NNN_R_txt0079_txt0079_0079.jpg
FAKE,D:/Diplom/ela_core/datasets/Some_data_sets/CASIA2/Tp\Tp_S_NND_S_B_arc00028_arc00028_01094.tif
FAKE,D:/Diplom/ela_core/datasets/Some_data_sets/CASIA2/Tp\Tp_S_CRN_S_B_arc00004_arc00004_11172.jpg
FAKE,D:/Diplom/ela_core/datasets/Some_data_sets/CASIA2/Tp\Tp_S_NRN_S_N_nat20051_nat20051_01555.tif
FAKE,D:/Diplom/ela_core/datasets/Some_data_sets/CASIA2/Tp\Tp_S_CNN_S_N_arc00037_arc00037_10144.tif
FAKE,D:/Diplom/ela_core/datasets/CASIA1/Sp\Sp_S_NNN_R_arc0015_arc0015_0220.jpg
FAKE,D:/Diplom/ela_core/datasets/Some_data_sets/CASIA2/Tp\Tp_S_NNN_S_N_art20018_art20018_01824.tif
FAKE,D:/Diplom/ela_core/datasets/Some_data_sets/CASIA2/Tp\Tp_D_NNN_S_O_pla10121_sec00097_11693.jpg
FAKE,D:/Diplom/ela_core/datasets/Some_data_sets/CASIA2/Tp\Tp_D_CRN_S_N_nat00099_nat00061_10074.tif
FAKE,D:/Diplom/ela_core/datasets/Some_data_sets/CASIA2/Tp\Tp_D_NRN_S_N_ani10168_ani10167_12448.jpg
FAKE,D:/Diplom/ela_core/datasets/Some_data_sets/CASIA2/Tp\Tp_S_NRD_S_N_ani00095_ani00095_01255.tif
FAKE,D:/Diplom/ela_core/datasets/Some_data_sets/CASIA2/Tp\Tp_S_CRN_S_N_nat10168_nat10168_12101.jpg
FAKE,D:/Diplom/ela_core/datasets/Some_data_sets/CASIA2/Tp\Tp_D_NNN_M_B_nat10128_nat00099_11537.jpg
FAKE,D:/Diplom/ela_core/datasets/Some_data_sets/CASIA2/Tp\Tp_S_NNN_S_N_sec20012_sec20012_02121.tif
FAKE,D:/Diplom/ela_core/datasets/Some_data_sets/CASIA2/Tp\Tp_D_NNN_S_N_nat00041_art00020_11441.jpg
FAKE,D:/Diplom/ela_core/datasets/Some_data_sets/CASIA2/Tp\Tp_S_NNN_S_N_ani10183_ani10183_12422.jpg
FAKE,D:/Diplom/ela_core/datasets/Some_data_sets/CASIA2/Tp\Tp_D_NRN_S_N_arc00027_cha00026_00247.tif
FAKE,D:/Diplom/ela_core/datasets/Some_data_sets/CASIA2/Tp\Tp_S_NNN_S_B_ind00046_ind00046_01336.tif
FAKE,D:/Diplom/ela_core/datasets/Some_data_sets/CASIA2/Tp\Tp_S_NNN_S_B_art10003_art10003_20041.jpg
FAKE,D:/Diplom/ela_core/datasets/Some_data_sets/CASIA2/Tp\Tp_S_NNN_S_N_sec00026_sec00026_10767.jpg
FAKE,D:/Diplom/ela_core/datasets/CASIA1/Sp\Sp_D_CNN_A_cha0025_pla0067_0269.jpg
FAKE,D:/Diplom/ela_core/datasets/Some_data_sets/CASIA2/Tp\Tp_S_NNN_M_N_ani00078_ani00078_10497.tif
FAKE,D:/Diplom/ela_core/datasets/Some_data_sets/CASIA2/Tp\Tp_D_NRN_S_N_sec00064_cha00052_11409.jpg
FAKE,D:/Diplom/ela_core/datasets/Some_data_sets/CASIA2/Tp\Tp_S_NNN_M_N_art00043_art00043_10542.tif
FAKE,D:/Diplom/ela_core/datasets/Some_data_sets/CASIA2/Tp\Tp_S_NRN_S_N_arc00090_arc00090_00781.tif
FAKE,D:/Diplom/ela_core/datasets/Some_data_sets/CASIA2/Tp\Tp_D_CRN_M_B_ani00019_nat00013_11868.jpg
FAKE,D:/Diplom/ela_core/datasets/Some_data_sets/CASIA2/Tp\Tp_S_CRN_S_N_pla00034_pla00034_10982.jpg
FAKE,D:/Diplom/ela_core/datasets/CASIA1/Sp\Sp_S_NNN_R_txt0058_txt0058_0058.jpg
FAKE,D:/Diplom/ela_core/datasets/CASIA1/Sp\Sp_D_NRN_A_cha0043_pla0085_0495.jpg
FAKE,D:/Diplom/ela_core/datasets/Some_data_sets/CASIA2/Tp\Tp_S_NND_S_N_cha00076_cha00076_10189.tif
FAKE,D:/Diplom/ela_core/datasets/Some_data_sets/CASIA2/Tp\Tp_D_CRN_S_B_sec00004_ind00069_00024.tif
FAKE,D:/Diplom/ela_core/datasets/CASIA1/Sp\Sp_D_NRN_A_art0009_cha0002_0454.jpg
FAKE,D:/Diplom/ela_core/datasets/Some_data_sets/CASIA2/Tp\Tp_S_NNN_S_N_ind20027_ind20027_01768.tif
FAKE,D:/Diplom/ela_core/datasets/Some_data_sets/CASIA2/Tp\Tp_D_CNN_M_N_arc00086_arc00086_00306.tif
FAKE,D:/Diplom/ela_core/datasets/CASIA1/Sp\Sp_D_NNN_A_sec0005_sec0002_0348.jpg
FAKE,D:/Diplom/ela_core/datasets/Some_data_sets/CASIA2/Tp\Tp_S_NRN_S_N_ani20054_ani20054_02097.tif
FAKE,D:/Diplom/ela_core/datasets/Some_data_sets/CASIA2/Tp\Tp_D_NRN_S_B_cha00076_ani00068_10044.tif
FAKE,D:/Diplom/ela_core/datasets/Some_data_sets/CASIA2/Tp\Tp_S_CRD_S_N_ind20020_ind20020_02277.tif
FAKE,D:/Diplom/ela_core/datasets/Some_data_sets/CASIA2/Tp\Tp_D_NRN_M_N_nat00002_cha00062_11516.jpg
FAKE,D:/Diplom/ela_core/datasets/Some_data_sets/CASIA2/Tp\Tp_S_NNN_M_B_txt00097_txt00097_10162.tif
FAKE,D:/Diplom/ela_core/datasets/Some_data_sets/CASIA2/Tp\Tp_S_NNN_S_B_art20060_art20060_02327.tif
FAKE,D:/Diplom/ela_core/datasets/Some_data_sets/CASIA2/Tp\Tp_D_CRD_S_N_ind00084_ind00024_00481.tif
FAKE,D:/Diplom/ela_core/datasets/Some_data_sets/CASIA2/Tp\Tp_S_NNN_S_N_arc00086_arc00086_01044.tif
FAKE,D:/Diplom/ela_core/datasets/Some_data_sets/CASIA2/Tp\Tp_S_NRN_S_N_arc00054_arc00054_11928.jpg
FAKE,D:/Diplom/ela_core/datasets/Some_data_sets/CASIA2/Tp\Tp_S_NNN_S_N_art00046_art00046_11923.jpg
FAKE,D:/Diplom/ela_core/datasets/CASIA1/Sp\Sp_D_NRD_A_arc0066_arc0021_0577.jpg
FAKE,D:/Diplom/ela_core/datasets/CASIA1/Sp\Sp_D_NNN_A_txt0040_txt0029_0139.jpg
FAKE,D:/Diplom/ela_core/datasets/Some_data_sets/CASIA2/Tp\Tp_D_NNN_S_N_sec10113_sec10106_10330.tif
FAKE,D:/Diplom/ela_core/datasets/Some_data_sets/CASIA2/Tp\Tp_D_NRN_M_B_cha00097_art00021_11420.jpg
FAKE,D:/Diplom/ela_core/datasets/CASIA1/Sp\Sp_D_NRN_A_nat0053_cha0031_0533.jpg
FAKE,D:/Diplom/ela_core/datasets/Some_data_sets/CASIA2/Tp\Tp_S_NRD_S_N_arc00006_arc00006_01122.tif
FAKE,D:/Diplom/ela_core/datasets/Some_data_sets/CASIA2/Tp\Tp_S_CND_S_N_art00094_art00094_10403.tif
FAKE,D:/Diplom/ela_core/datasets/Some_data_sets/CASIA2/Tp\Tp_D_NRN_M_N_ind00100_cha00070_11394.jpg
FAKE,D:/Diplom/ela_core/datasets/Some_data_sets/CASIA2/Tp\Tp_D_NNN_L_N_txt00068_cha00074_10194.tif
FAKE,D:/Diplom/ela_core/datasets/CASIA1/Sp\Sp_D_NRN_C_nat0095_nat0098_0567.jpg
FAKE,D:/Diplom/ela_core/datasets/CASIA1/Sp\Sp_D_NRN_A_art0009_art0014_0470.jpg
FAKE,D:/Diplom/ela_core/datasets/CASIA1/Sp\Sp_S_NNN_T_txt0098_txt0098_0098.jpg
FAKE,D:/Diplom/ela_core/datasets/Some_data_sets/CASIA2/Tp\Tp_S_NRN_S_N_pla00053_pla00053_01162.tif
FAKE,D:/Diplom/ela_core/datasets/Some_data_sets/CASIA2/Tp\Tp_D_NRN_S_N_arc00022_ani00081_00242.tif
FAKE,D:/Diplom/ela_core/datasets/Some_data_sets/CASIA2/Tp\Tp_D_NNN_M_N_nat10103_pla10110_10116.tif
FAKE,D:/Diplom/ela_core/datasets/CASIA1/Sp\Sp_S_NRN_A_sec0060_sec0060_0252.jpg
FAKE,D:/Diplom/ela_core/datasets/Some_data_sets/CASIA2/Tp\Tp_D_NND_M_B_sec00077_txt00059_10387.tif
FAKE,D:/Diplom/ela_core/datasets/Some_data_sets/CASIA2/Tp\Tp_S_NRN_S_N_arc20098_arc20098_01738.tif
FAKE,D:/Diplom/ela_core/datasets/Some_data_sets/CASIA2/Tp\Tp_S_CRN_S_N_pla20035_pla20035_01935.tif
FAKE,D:/Diplom/ela_core/datasets/Some_data_sets/CASIA2/Tp\Tp_D_NNN_S_N_ind00031_ind00030_00446.tif
FAKE,D:/Diplom/ela_core/datasets/CASIA1/Sp\Sp_S_NNN_T_txt0013_txt0013_0013.jpg
FAKE,D:/Diplom/ela_core/datasets/CASIA1/Sp\Sp_S_NNN_C_txt0078_txt0078_0078.jpg
FAKE,D:/Diplom/ela_core/datasets/Some_data_sets/CASIA2/Tp\Tp_S_NND_S_B_art00092_art00092_01006.tif
FAKE,D:/Diplom/ela_core/datasets/Some_data_sets/CASIA2/Tp\Tp_D_NRD_S_N_art00082_ani00098_01392.tif
FAKE,D:/Diplom/ela_core/datasets/Some_data_sets/CASIA2/Tp\Tp_D_NRN_M_N_nat10131_nat10132_11905.jpg
FAKE,D:/Diplom/ela_core/datasets/Some_data_sets/CASIA2/Tp\Tp_D_CRN_M_N_txt00063_txt00017_10835.jpg
FAKE,D:/Diplom/ela_core/datasets/Some_data_sets/CASIA2/Tp\Tp_S_CNN_S_N_ani00090_ani00090_00210.tif
FAKE,D:/Diplom/ela_core/datasets/Some_data_sets/CASIA2/Tp\Tp_D_NND_S_N_sec00071_ind00084_11275.jpg
FAKE,D:/Diplom/ela_core/datasets/Some_data_sets/CASIA2/Tp\Tp_S_CNN_S_N_pla00010_pla00010_00549.tif
FAKE,D:/Diplom/ela_core/datasets/Some_data_sets/CASIA2/Tp\Tp_S_CNN_S_N_art00080_art00080_01247.tif
FAKE,D:/Diplom/ela_core/datasets/CASIA1/Sp\Sp_D_NRN_A_ani0080_sec0005_0426.jpg
FAKE,D:/Diplom/ela_core/datasets/CASIA1/Sp\Sp_D_NND_A_cha0090_cha0082_0187.jpg
FAKE,D:/Diplom/ela_core/datasets/Some_data_sets/CASIA2/Tp\Tp_S_NNN_M_B_arc10129_arc10129_11893.jpg
FAKE,D:/Diplom/ela_core/datasets/Some_data_sets/CASIA2/Tp\Tp_S_NRN_S_O_arc10129_arc10129_11895.jpg
FAKE,D:/Diplom/ela_core/datasets/Some_data_sets/CASIA2/Tp\Tp_D_NRN_S_N_ind20021_ind20022_01762.tif
FAKE,D:/Diplom/ela_core/datasets/Some_data_sets/CASIA2/Tp\Tp_S_NNN_S_N_ind00059_ind00059_01348.tif
FAKE,D:/Diplom/ela_core/datasets/Some_data_sets/CASIA2/Tp\Tp_D_NRN_S_N_art00041_ani00005_01413.tif
FAKE,D:/Diplom/ela_core/datasets/Some_data_sets/CASIA2/Tp\Tp_D_CNN_S_N_cha10122_nat10124_12167.jpg
FAKE,D:/Diplom/ela_core/datasets/Some_data_sets/CASIA2/Tp\Tp_S_NNN_S_N_pla00031_pla00031_00567.tif
FAKE,D:/Diplom/ela_core/datasets/Some_data_sets/CASIA2/Tp\Tp_D_NRN_M_N_nat10123_nat00097_11338.jpg
FAKE,D:/Diplom/ela_core/datasets/Some_data_sets/CASIA2/Tp\Tp_S_NNN_S_B_arc20023_arc20023_01476.tif
FAKE,D:/Diplom/ela_core/datasets/Some_data_sets/CASIA2/Tp\Tp_D_NRN_S_N_ind00020_ind00010_00436.tif
FAKE,D:/Diplom/ela_core/datasets/Some_data_sets/CASIA2/Tp\Tp_D_NRN_S_O_ani10127_ani00021_12468.jpg
FAKE,D:/Diplom/ela_core/datasets/Some_data_sets/CASIA2/Tp\Tp_D_NRN_S_N_arc00013_arc00020_11702.jpg
FAKE,D:/Diplom/ela_core/datasets/Some_data_sets/CASIA2/Tp\Tp_S_CNN_S_N_ani10221_ani10221_12392.jpg
FAKE,D:/Diplom/ela_core/datasets/Some_data_sets/CASIA2/Tp\Tp_D_NRN_S_N_cha10108_cha00050_11657.jpg
FAKE,D:/Diplom/ela_core/datasets/Some_data_sets/CASIA2/Tp\Tp_D_NRN_M_N_sec10115_cha00062_11533.jpg
FAKE,D:/Diplom/ela_core/datasets/Some_data_sets/CASIA2/Tp\Tp_D_NRN_S_N_pla00074_ani00013_01179.tif
FAKE,D:/Diplom/ela_core/datasets/Some_data_sets/CASIA2/Tp\Tp_D_NRN_M_N_ani10144_nat10131_12473.jpg
FAKE,D:/Diplom/ela_core/datasets/Some_data_sets/CASIA2/Tp\Tp_S_CNN_S_N_pla00010_pla00010_01132.tif
FAKE,D:/Diplom/ela_core/datasets/Some_data_sets/CASIA2/Tp\Tp_S_CRN_S_B_arc00001_arc00001_11183.jpg
FAKE,D:/Diplom/ela_core/datasets/Some_data_sets/CASIA2/Tp\Tp_S_NNN_S_N_ani20048_ani20048_02091.tif
FAKE,D:/Diplom/ela_core/datasets/Some_data_sets/CASIA2/Tp\Tp_S_NNN_S_N_ani20062_ani20062_02104.tif
FAKE,D:/Diplom/ela_core/datasets/Some_data_sets/CASIA2/Tp\Tp_S_NND_S_N_arc00072_arc00072_01055.tif
FAKE,D:/Diplom/ela_core/datasets/Some_data_sets/CASIA2/Tp\Tp_S_NRN_S_N_ind20047_ind20047_02295.tif
FAKE,D:/Diplom/ela_core/datasets/Some_data_sets/CASIA2/Tp\Tp_S_NNN_S_N_nat20071_nat20071_01575.tif
FAKE,D:/Diplom/ela_core/datasets/CASIA1/Sp\Sp_S_NRN_A_cha0082_cha0082_0082.jpg
FAKE,D:/Diplom/ela_core/datasets/Some_data_sets/CASIA2/Tp\Tp_D_NRN_M_N_nat10151_cha00070_12108.jpg
FAKE,D:/Diplom/ela_core/datasets/Some_data_sets/CASIA2/Tp\Tp_D_NRN_M_N_nat00093_nat00059_11112.jpg
FAKE,D:/Diplom/ela_core/datasets/Some_data_sets/CASIA2/Tp\Tp_S_CRN_S_N_cha10113_cha10113_11543.jpg
FAKE,D:/Diplom/ela_core/datasets/Some_data_sets/CASIA2/Tp\Tp_S_CRD_M_N_sec00016_sec00016_10791.jpg
FAKE,D:/Diplom/ela_core/datasets/Some_data_sets/CASIA2/Tp\Tp_S_NRN_S_N_arc00086_arc00086_10735.jpg
FAKE,D:/Diplom/ela_core/datasets/CASIA1/Sp\Sp_S_CRN_A_pla0073_pla0073_0231.jpg
FAKE,D:/Diplom/ela_core/datasets/Some_data_sets/CASIA2/Tp\Tp_D_NNN_S_N_pla20033_pla20032_01933.tif
FAKE,D:/Diplom/ela_core/datasets/Some_data_sets/CASIA2/Tp\Tp_S_NNN_S_B_ani10208_ani10208_12371.jpg
FAKE,D:/Diplom/ela_core/datasets/Some_data_sets/CASIA2/Tp\Tp_S_CRN_S_N_pla20067_pla20067_01967.tif
FAKE,D:/Diplom/ela_core/datasets/Some_data_sets/CASIA2/Tp\Tp_S_NNN_S_N_art00035_art00035_00513.tif
FAKE,D:/Diplom/ela_core/datasets/Some_data_sets/CASIA2/Tp\Tp_D_NRN_M_B_ind00053_cha00070_11480.jpg
FAKE,D:/Diplom/ela_core/datasets/Some_data_sets/CASIA2/Tp\Tp_S_NNN_S_N_ani00043_ani00043_00163.tif
FAKE,D:/Diplom/ela_core/datasets/Some_data_sets/CASIA2/Tp\Tp_D_NRN_S_N_arc00098_ani00098_00318.tif
FAKE,D:/Diplom/ela_core/datasets/Some_data_sets/CASIA2/Tp\Tp_S_NNN_S_N_pla20048_pla20048_01948.tif
FAKE,D:/Diplom/ela_core/datasets/CASIA1/Sp\Sp_S_NNN_R_txt0083_txt0083_0083.jpg
FAKE,D:/Diplom/ela_core/datasets/Some_data_sets/CASIA2/Tp\Tp_S_NNN_S_N_ani10139_ani10139_12499.jpg
FAKE,D:/Diplom/ela_core/datasets/Some_data_sets/CASIA2/Tp\Tp_S_NRN_S_N_pla20030_pla20030_01930.tif
FAKE,D:/Diplom/ela_core/datasets/Some_data_sets/CASIA2/Tp\Tp_D_NRN_S_N_art00025_cha00026_11681.jpg
FAKE,D:/Diplom/ela_core/datasets/Some_data_sets/CASIA2/Tp\Tp_S_NNN_S_N_arc20084_arc20084_02417.tif
FAKE,D:/Diplom/ela_core/datasets/Some_data_sets/CASIA2/Tp\Tp_S_NNN_S_N_cha00089_cha00089_00871.tif
FAKE,D:/Diplom/ela_core/datasets/Some_data_sets/CASIA2/Tp\Tp_D_NND_S_N_txt00062_txt00083_10824.jpg
FAKE,D:/Diplom/ela_core/datasets/CASIA1/Sp\Sp_S_NNN_T_txt0087_txt0087_0087.jpg
FAKE,D:/Diplom/ela_core/datasets/Some_data_sets/CASIA2/Tp\Tp_D_NRN_S_N_sec00010_ind00098_10855.jpg
FAKE,D:/Diplom/ela_core/datasets/Some_data_sets/CASIA2/Tp\Tp_D_NRN_M_N_cha10142_nat10123_12237.jpg
FAKE,D:/Diplom/ela_core/datasets/Some_data_sets/CASIA2/Tp\Tp_D_NNN_M_N_cha10180_cha00070_12294.jpg
FAKE,D:/Diplom/ela_core/datasets/Some_data_sets/CASIA2/Tp\Tp_S_NNN_S_N_nat00021_nat00021_11043.jpg
FAKE,D:/Diplom/ela_core/datasets/Some_data_sets/CASIA2/Tp\Tp_S_NNN_S_N_sec20060_sec20060_01650.tif
FAKE,D:/Diplom/ela_core/datasets/Some_data_sets/CASIA2/Tp\Tp_D_NRN_S_N_cha10139_ani00070_12201.jpg
FAKE,D:/Diplom/ela_core/datasets/Some_data_sets/CASIA2/Tp\Tp_S_NRN_S_N_ind00077_ind00077_10681.jpg
FAKE,D:/Diplom/ela_core/datasets/Some_data_sets/CASIA2/Tp\Tp_D_NRN_S_N_art00091_cha00063_00535.tif
FAKE,D:/Diplom/ela_core/datasets/Some_data_sets/CASIA2/Tp\Tp_S_NRN_M_N_art00093_art00093_10485.tif
FAKE,D:/Diplom/ela_core/datasets/Some_data_sets/CASIA2/Tp\Tp_S_NRN_S_O_nat00032_nat00032_00947.tif
FAKE,D:/Diplom/ela_core/datasets/CASIA1/Sp\Sp_S_NNN_T_txt0095_txt0095_0095.jpg
FAKE,D:/Diplom/ela_core/datasets/Some_data_sets/CASIA2/Tp\Tp_D_NRN_M_N_nat10144_nat10145_11964.jpg
FAKE,D:/Diplom/ela_core/datasets/CASIA1/Sp\Sp_S_NNN_C_txt0040_txt0040_0040.jpg
FAKE,D:/Diplom/ela_core/datasets/Some_data_sets/CASIA2/Tp\Tp_S_NRN_S_B_cha10140_cha10140_12199.jpg
FAKE,D:/Diplom/ela_core/datasets/Some_data_sets/CASIA2/Tp\Tp_D_NNN_S_B_sec00091_cha00085_00111.tif
FAKE,D:/Diplom/ela_core/datasets/Some_data_sets/CASIA2/Tp\Tp_D_NNN_S_N_nat00007_ani00021_00627.tif
FAKE,D:/Diplom/ela_core/datasets/Some_data_sets/CASIA2/Tp\Tp_S_NNN_S_N_pla00081_pla00081_01183.tif
FAKE,D:/Diplom/ela_core/datasets/CASIA1/Sp\Sp_S_NNN_R_txt0033_txt0033_0033.jpg
FAKE,D:/Diplom/ela_core/datasets/Some_data_sets/CASIA2/Tp\Tp_S_NNN_S_B_ani20003_ani20003_01452.tif
FAKE,D:/Diplom/ela_core/datasets/CASIA1/Sp\Sp_D_NRN_A_art0014_cha0051_0459.jpg
FAKE,D:/Diplom/ela_core/datasets/Some_data_sets/CASIA2/Tp\Tp_S_CNN_M_N_pla00080_pla00080_10458.tif
FAKE,D:/Diplom/ela_core/datasets/Some_data_sets/CASIA2/Tp\Tp_D_NRN_S_N_ani10216_ani00070_12389.jpg
FAKE,D:/Diplom/ela_core/datasets/Some_data_sets/CASIA2/Tp\Tp_S_CRN_S_N_cha10190_cha10190_12326.jpg
FAKE,D:/Diplom/ela_core/datasets/Some_data_sets/CASIA2/Tp\Tp_D_NRN_M_N_nat10118_nat10123_11391.jpg
FAKE,D:/Diplom/ela_core/datasets/Some_data_sets/CASIA2/Tp\Tp_S_NNN_S_B_nat10109_nat10109_11353.jpg
FAKE,D:/Diplom/ela_core/datasets/Some_data_sets/CASIA2/Tp\Tp_D_NNN_M_N_arc00070_arc00072_00290.tif
FAKE,D:/Diplom/ela_core/datasets/Some_data_sets/CASIA2/Tp\Tp_S_CNN_M_N_txt10107_txt10107_10813.jpg
FAKE,D:/Diplom/ela_core/datasets/Some_data_sets/CASIA2/Tp\Tp_S_CNN_S_B_nat10109_nat10109_11354.jpg
FAKE,D:/Diplom/ela_core/datasets/CASIA1/Sp\Sp_D_NRN_A_ani0044_arc0078_0435.jpg
FAKE,D:/Diplom/ela_core/datasets/Some_data_sets/CASIA2/Tp\Tp_S_NNN_M_N_ani00058_ani00058_11505.jpg
FAKE,D:/Diplom/ela_core/datasets/Some_data_sets/CASIA2/Tp\Tp_D_NRN_S_N_nat10159_ani00099_12054.jpg
FAKE,D:/Diplom/ela_core/datasets/Some_data_sets/CASIA2/Tp\Tp_D_CNN_S_N_cha00044_cha00043_00364.tif
FAKE,D:/Diplom/ela_core/datasets/Some_data_sets/CASIA2/Tp\Tp_D_NRD_S_N_cha00015_cha00015_11154.jpg
FAKE,D:/Diplom/ela_core/datasets/Some_data_sets/CASIA2/Tp\Tp_S_NNN_S_N_nat00076_nat00076_00674.tif
FAKE,D:/Diplom/ela_core/datasets/CASIA1/Sp\Sp_S_NNN_R_txt0050_txt0050_0050.jpg
FAKE,D:/Diplom/ela_core/datasets/Some_data_sets/CASIA2/Tp\Tp_S_NNN_S_N_nat00064_nat00064_00672.tif
FAKE,D:/Diplom/ela_core/datasets/Some_data_sets/CASIA2/Tp\Tp_D_NRN_M_B_arc00022_arc00023_10060.tif
FAKE,D:/Diplom/ela_core/datasets/Some_data_sets/CASIA2/Tp\Tp_S_NNN_S_N_pla20073_pla20073_01973.tif
FAKE,D:/Diplom/ela_core/datasets/Some_data_sets/CASIA2/Tp\Tp_S_CNN_S_N_art20056_art20056_02329.tif
FAKE,D:/Diplom/ela_core/datasets/Some_data_sets/CASIA2/Tp\Tp_S_NNN_S_N_nat00053_nat00053_11080.jpg
FAKE,D:/Diplom/ela_core/datasets/Some_data_sets/CASIA2/Tp\Tp_D_NRN_S_N_cha00028_ani10123_11686.jpg
FAKE,D:/Diplom/ela_core/datasets/Some_data_sets/CASIA2/Tp\Tp_D_NNN_S_B_ani20056_ani20057_02099.tif
FAKE,D:/Diplom/ela_core/datasets/CASIA1/Sp\Sp_D_NNN_A_txt0036_txt0038_0137.jpg
FAKE,D:/Diplom/ela_core/datasets/CASIA1/Sp\Sp_S_NNN_T_txt0076_txt0076_0076.jpg
FAKE,D:/Diplom/ela_core/datasets/Some_data_sets/CASIA2/Tp\Tp_S_NNN_S_N_pla20056_pla20056_01956.tif
FAKE,D:/Diplom/ela_core/datasets/Some_data_sets/CASIA2/Tp\Tp_D_NNN_S_N_ani10168_ani10196_12449.jpg
FAKE,D:/Diplom/ela_core/datasets/Some_data_sets/CASIA2/Tp\Tp_S_NNN_S_N_ind20019_ind20019_02276.tif
FAKE,D:/Diplom/ela_core/datasets/CASIA1/Sp\Sp_S_NNN_R_txt0055_txt0055_0055.jpg
FAKE,D:/Diplom/ela_core/datasets/Some_data_sets/CASIA2/Tp\Tp_D_NRN_S_N_arc00001_ani00058_00005.tif
FAKE,D:/Diplom/ela_core/datasets/Some_data_sets/CASIA2/Tp\Tp_D_NRN_S_N_nat10139_ani00058_11951.jpg
FAKE,D:/Diplom/ela_core/datasets/CASIA1/Sp\Sp_D_NND_A_cha0059_cha0081_0602.jpg
FAKE,D:/Diplom/ela_core/datasets/Some_data_sets/CASIA2/Tp\Tp_S_NRD_S_B_art20092_art20092_02306.tif
FAKE,D:/Diplom/ela_core/datasets/Some_data_sets/CASIA2/Tp\Tp_S_NNN_S_N_arc20030_arc20030_01483.tif
FAKE,D:/Diplom/ela_core/datasets/Some_data_sets/CASIA2/Tp\Tp_S_CND_S_N_pla00068_pla00068_01175.tif
FAKE,D:/Diplom/ela_core/datasets/Some_data_sets/CASIA2/Tp\Tp_S_NNN_S_N_nat00078_nat00078_00675.tif
FAKE,D:/Diplom/ela_core/datasets/Some_data_sets/CASIA2/Tp\Tp_S_NNN_S_N_nat00018_nat00018_10928.jpg
FAKE,D:/Diplom/ela_core/datasets/CASIA1/Sp\Sp_D_NRD_A_nat0092_cha0019_0581.jpg
FAKE,D:/Diplom/ela_core/datasets/CASIA1/Sp\Sp_D_NNN_A_cha0085_ani0037_0313.jpg
FAKE,D:/Diplom/ela_core/datasets/Some_data_sets/CASIA2/Tp\Tp_S_CRN_S_N_ind20044_ind20044_01785.tif
FAKE,D:/Diplom/ela_core/datasets/Some_data_sets/CASIA2/Tp\Tp_S_NND_S_N_sec00007_sec00007_00769.tif
FAKE,D:/Diplom/ela_core/datasets/CASIA1/Sp\Sp_D_NRN_A_art0100_art0092_0178.jpg
FAKE,D:/Diplom/ela_core/datasets/Some_data_sets/CASIA2/Tp\Tp_S_NNN_M_N_pla00061_pla00061_01170.tif
FAKE,D:/Diplom/ela_core/datasets/Some_data_sets/CASIA2/Tp\Tp_D_NRN_S_N_ani10187_ani10190_12438.jpg
FAKE,D:/Diplom/ela_core/datasets/Some_data_sets/CASIA2/Tp\Tp_D_NNN_S_B_nat00089_nat00065_00696.tif
FAKE,D:/Diplom/ela_core/datasets/Some_data_sets/CASIA2/Tp\Tp_S_NNN_S_B_nat20002_nat20002_02202.tif
FAKE,D:/Diplom/ela_core/datasets/Some_data_sets/CASIA2/Tp\Tp_D_NNN_M_N_cha00074_txt00068_10192.tif
FAKE,D:/Diplom/ela_core/datasets/Some_data_sets/CASIA2/Tp\Tp_D_CRN_M_N_nat10131_nat10124_11906.jpg
FAKE,D:/Diplom/ela_core/datasets/CASIA1/Sp\Sp_S_NNN_R_txt0049_txt0049_0049.jpg
FAKE,D:/Diplom/ela_core/datasets/Some_data_sets/CASIA2/Tp\Tp_D_NNN_M_N_nat10156_ani00021_12020.jpg
FAKE,D:/Diplom/ela_core/datasets/Some_data_sets/CASIA2/Tp\Tp_D_NND_M_B_nat20098_nat20073_01602.tif
FAKE,D:/Diplom/ela_core/datasets/Some_data_sets/CASIA2/Tp\Tp_S_NNN_S_N_txt00073_txt00073_01286.tif
FAKE,D:/Diplom/ela_core/datasets/Some_data_sets/CASIA2/Tp\Tp_S_NNN_M_N_nat10164_nat10160_12096.jpg
FAKE,D:/Diplom/ela_core/datasets/Some_data_sets/CASIA2/Tp\Tp_D_CRN_M_N_cha10198_nat10123_12362.jpg
FAKE,D:/Diplom/ela_core/datasets/Some_data_sets/CASIA2/Tp\Tp_D_NRN_M_N_cha10175_cha10174_12279.jpg
FAKE,D:/Diplom/ela_core/datasets/Some_data_sets/CASIA2/Tp\Tp_D_NRD_S_N_sec00025_sec00098_00046.tif
FAKE,D:/Diplom/ela_core/datasets/Some_data_sets/CASIA2/Tp\Tp_S_CRN_S_N_ani10141_ani10141_12480.jpg
FAKE,D:/Diplom/ela_core/datasets/Some_data_sets/CASIA2/Tp\Tp_D_CRN_S_N_pla10121_sec00097_11692.jpg
FAKE,D:/Diplom/ela_core/datasets/CASIA1/Sp\Sp_D_NRN_A_ani0100_art0031_0432.jpg
FAKE,D:/Diplom/ela_core/datasets/Some_data_sets/CASIA2/Tp\Tp_D_NRN_S_B_arc00076_ani00077_00296.tif
FAKE,D:/Diplom/ela_core/datasets/Some_data_sets/CASIA2/Tp\Tp_S_NNN_S_O_pla00020_pla00020_20039.jpg
FAKE,D:/Diplom/ela_core/datasets/Some_data_sets/CASIA2/Tp\Tp_D_NNN_M_N_nat00060_nat00099_10570.jpg
FAKE,D:/Diplom/ela_core/datasets/Some_data_sets/CASIA2/Tp\Tp_D_NRN_M_N_sec00090_sec00098_10336.tif
FAKE,D:/Diplom/ela_core/datasets/Some_data_sets/CASIA2/Tp\Tp_S_CNN_S_N_ind00008_ind00008_10421.tif
FAKE,D:/Diplom/ela_core/datasets/Some_data_sets/CASIA2/Tp\Tp_D_NRN_S_O_ani10102_ani10104_10023.tif
FAKE,D:/Diplom/ela_core/datasets/Some_data_sets/CASIA2/Tp\Tp_D_NRN_S_B_ani00028_ani00029_20111.jpg
FAKE,D:/Diplom/ela_core/datasets/CASIA1/Sp\Sp_S_NNN_T_txt0083_txt0083_0083.jpg
FAKE,D:/Diplom/ela_core/datasets/Some_data_sets/CASIA2/Tp\Tp_S_NRN_S_N_cha10153_cha10153_12269.jpg
FAKE,D:/Diplom/ela_core/datasets/Some_data_sets/CASIA2/Tp\Tp_S_NNN_M_N_cha00044_cha00044_11008.jpg
FAKE,D:/Diplom/ela_core/datasets/Some_data_sets/CASIA2/Tp\Tp_D_NRN_S_N_ani10118_ani10119_11611.jpg
FAKE,D:/Diplom/ela_core/datasets/Some_data_sets/CASIA2/Tp\Tp_D_NNN_S_O_nat10148_nat10161_12120.jpg
FAKE,D:/Diplom/ela_core/datasets/Some_data_sets/CASIA2/Tp\Tp_D_NRN_S_N_nat10159_ani00031_12059.jpg
FAKE,D:/Diplom/ela_core/datasets/Some_data_sets/CASIA2/Tp\Tp_S_NRN_S_N_ani20037_ani20037_02080.tif
FAKE,D:/Diplom/ela_core/datasets/Some_data_sets/CASIA2/Tp\Tp_S_NRN_S_N_arc20077_arc20077_01717.tif
FAKE,D:/Diplom/ela_core/datasets/Some_data_sets/CASIA2/Tp\Tp_S_CND_S_N_ind00069_ind00069_01356.tif
FAKE,D:/Diplom/ela_core/datasets/Some_data_sets/CASIA2/Tp\Tp_S_NNN_S_B_txt00003_txt00003_01262.tif
FAKE,D:/Diplom/ela_core/datasets/Some_data_sets/CASIA2/Tp\Tp_S_NNN_S_N_cha10171_cha10171_12281.jpg
FAKE,D:/Diplom/ela_core/datasets/Some_data_sets/CASIA2/Tp\Tp_S_CNN_M_N_arc00051_arc00051_10727.jpg
FAKE,D:/Diplom/ela_core/datasets/Some_data_sets/CASIA2/Tp\Tp_D_NRN_M_N_cha10123_nat10124_12192.jpg
FAKE,D:/Diplom/ela_core/datasets/Some_data_sets/CASIA2/Tp\Tp_S_NNN_S_N_arc20013_arc20013_02157.tif
FAKE,D:/Diplom/ela_core/datasets/Some_data_sets/CASIA2/Tp\Tp_S_CNN_M_N_ind00079_ind00079_10665.jpg
FAKE,D:/Diplom/ela_core/datasets/Some_data_sets/CASIA2/Tp\Tp_S_NND_S_N_nat20002_nat20002_01506.tif
FAKE,D:/Diplom/ela_core/datasets/Some_data_sets/CASIA2/Tp\Tp_S_NRN_M_N_arc00056_arc00056_10393.tif
FAKE,D:/Diplom/ela_core/datasets/Some_data_sets/CASIA2/Tp\Tp_S_NNN_S_B_ind00020_ind00020_20031.jpg
FAKE,D:/Diplom/ela_core/datasets/Some_data_sets/CASIA2/Tp\Tp_D_CNN_S_B_cha00025_cha00025_00345.tif
FAKE,D:/Diplom/ela_core/datasets/Some_data_sets/CASIA2/Tp\Tp_S_NNN_S_N_pla00075_pla00075_10621.jpg
FAKE,D:/Diplom/ela_core/datasets/Some_data_sets/CASIA2/Tp\Tp_D_NRD_S_N_arc00015_arc00045_11756.jpg
FAKE,D:/Diplom/ela_core/datasets/CASIA1/Sp\Sp_S_NNN_T_txt0067_txt0067_0067.jpg
FAKE,D:/Diplom/ela_core/datasets/Some_data_sets/CASIA2/Tp\Tp_S_NNN_S_N_sec00100_sec00100_00757.tif
FAKE,D:/Diplom/ela_core/datasets/Some_data_sets/CASIA2/Tp\Tp_S_NND_S_N_sec20064_sec20064_01654.tif
FAKE,D:/Diplom/ela_core/datasets/Some_data_sets/CASIA2/Tp\Tp_D_NNN_S_N_nat20016_nat20015_01520.tif
FAKE,D:/Diplom/ela_core/datasets/Some_data_sets/CASIA2/Tp\Tp_S_NNN_M_N_nat00017_nat00017_11049.jpg
FAKE,D:/Diplom/ela_core/datasets/Some_data_sets/CASIA2/Tp\Tp_S_CRD_S_N_arc20025_arc20025_02167.tif
FAKE,D:/Diplom/ela_core/datasets/Some_data_sets/CASIA2/Tp\Tp_S_CNN_S_B_cha00047_cha00047_00367.tif
FAKE,D:/Diplom/ela_core/datasets/Some_data_sets/CASIA2/Tp\Tp_S_CNN_S_N_cha10118_cha10118_12196.jpg
FAKE,D:/Diplom/ela_core/datasets/Some_data_sets/CASIA2/Tp\Tp_S_NNN_S_N_pla20014_pla20014_01914.tif
FAKE,D:/Diplom/ela_core/datasets/CASIA1/Sp\Sp_D_NRN_A_ani0082_ani0097_0427.jpg
FAKE,D:/Diplom/ela_core/datasets/Some_data_sets/CASIA2/Tp\Tp_D_CRN_M_N_nat10129_cha00086_11522.jpg
FAKE,D:/Diplom/ela_core/datasets/Some_data_sets/CASIA2/Tp\Tp_S_CNN_M_N_pla10116_pla10116_10602.jpg
FAKE,D:/Diplom/ela_core/datasets/Some_data_sets/CASIA2/Tp\Tp_D_CRN_M_N_nat10131_nat00059_11908.jpg
FAKE,D:/Diplom/ela_core/datasets/Some_data_sets/CASIA2/Tp\Tp_D_NRN_M_B_ani00019_nat00013_11867.jpg
FAKE,D:/Diplom/ela_core/datasets/CASIA1/Sp\Sp_D_NRN_A_art0100_arc0004_0469.jpg
FAKE,D:/Diplom/ela_core/datasets/CASIA1/Sp\Sp_D_NND_A_arc0087_arc0018_0186.jpg
FAKE,D:/Diplom/ela_core/datasets/CASIA1/Sp\Sp_S_NNN_R_nat0039_nat0039_0068.jpg
FAKE,D:/Diplom/ela_core/datasets/Some_data_sets/CASIA2/Tp\Tp_S_NNN_S_N_arc20055_arc20055_01695.tif
FAKE,D:/Diplom/ela_core/datasets/Some_data_sets/CASIA2/Tp\Tp_S_NRN_S_N_ani00069_ani00069_00189.tif
FAKE,D:/Diplom/ela_core/datasets/Some_data_sets/CASIA2/Tp\Tp_D_NRN_S_N_nat00098_ani00058_11461.jpg
FAKE,D:/Diplom/ela_core/datasets/Some_data_sets/CASIA2/Tp\Tp_S_NNN_S_B_arc20020_arc20020_01473.tif
FAKE,D:/Diplom/ela_core/datasets/Some_data_sets/CASIA2/Tp\Tp_D_NRN_M_N_sec00087_cha00070_11469.jpg
FAKE,D:/Diplom/ela_core/datasets/Some_data_sets/CASIA2/Tp\Tp_D_NRN_M_B_arc00094_nat00097_11203.jpg
FAKE,D:/Diplom/ela_core/datasets/Some_data_sets/CASIA2/Tp\Tp_S_NNN_S_B_ani00084_ani00084_01257.tif
FAKE,D:/Diplom/ela_core/datasets/Some_data_sets/CASIA2/Tp\Tp_D_NRN_S_B_nat10167_sec00097_12102.jpg
FAKE,D:/Diplom/ela_core/datasets/Some_data_sets/CASIA2/Tp\Tp_D_NRN_S_N_art00014_art00092_11810.jpg
FAKE,D:/Diplom/ela_core/datasets/Some_data_sets/CASIA2/Tp\Tp_S_NNN_S_N_ind00063_ind00063_01351.tif
FAKE,D:/Diplom/ela_core/datasets/CASIA1/Sp\Sp_D_CRN_A_cha0073_ani0090_0381.jpg
FAKE,D:/Diplom/ela_core/datasets/Some_data_sets/CASIA2/Tp\Tp_S_NRN_S_N_arc20064_arc20064_01704.tif
FAKE,D:/Diplom/ela_core/datasets/Some_data_sets/CASIA2/Tp\Tp_D_NNN_M_N_pla10121_cha00028_11659.jpg
FAKE,D:/Diplom/ela_core/datasets/Some_data_sets/CASIA2/Tp\Tp_D_NNN_S_N_nat00011_nat00011_11057.jpg
FAKE,D:/Diplom/ela_core/datasets/Some_data_sets/CASIA2/Tp\Tp_S_CNN_M_N_txt10113_txt10113_10865.jpg
FAKE,D:/Diplom/ela_core/datasets/Some_data_sets/CASIA2/Tp\Tp_D_NRD_S_N_sec00060_cha00028_00081.tif
FAKE,D:/Diplom/ela_core/datasets/Some_data_sets/CASIA2/Tp\Tp_S_NNN_S_B_pla20009_pla20009_02394.tif
FAKE,D:/Diplom/ela_core/datasets/CASIA1/Sp\Sp_D_NNN_A_txt0097_txt0026_0168.jpg
FAKE,D:/Diplom/ela_core/datasets/Some_data_sets/CASIA2/Tp\Tp_S_NNN_S_N_sec00054_sec00055_11341.jpg
FAKE,D:/Diplom/ela_core/datasets/Some_data_sets/CASIA2/Tp\Tp_S_NRN_S_N_nat20033_nat20033_02233.tif
FAKE,D:/Diplom/ela_core/datasets/Some_data_sets/CASIA2/Tp\Tp_S_NNN_S_N_pla00078_pla00078_00603.tif
FAKE,D:/Diplom/ela_core/datasets/Some_data_sets/CASIA2/Tp\Tp_S_NNN_S_N_arc20031_arc20031_02171.tif
FAKE,D:/Diplom/ela_core/datasets/Some_data_sets/CASIA2/Tp\Tp_S_CNN_M_N_sec00018_sec00018_10793.jpg
FAKE,D:/Diplom/ela_core/datasets/Some_data_sets/CASIA2/Tp\Tp_D_NRN_M_N_txt00059_pla00050_10390.tif
FAKE,D:/Diplom/ela_core/datasets/Some_data_sets/CASIA2/Tp\Tp_D_NRN_S_N_arc00034_cha00023_00254.tif
FAKE,D:/Diplom/ela_core/datasets/Some_data_sets/CASIA2/Tp\Tp_S_NRN_M_N_cha00058_cha00058_10314.tif
FAKE,D:/Diplom/ela_core/datasets/Some_data_sets/CASIA2/Tp\Tp_D_CRN_M_N_art00067_ani00095_11803.jpg
FAKE,D:/Diplom/ela_core/datasets/Some_data_sets/CASIA2/Tp\Tp_S_NRN_S_N_art20067_arc20001_01873.tif
FAKE,D:/Diplom/ela_core/datasets/Some_data_sets/CASIA2/Tp\Tp_S_CNN_M_O_arc00030_arc00030_10067.tif
FAKE,D:/Diplom/ela_core/datasets/Some_data_sets/CASIA2/Tp\Tp_D_NRN_S_N_nat10164_ani00058_12091.jpg
FAKE,D:/Diplom/ela_core/datasets/Some_data_sets/CASIA2/Tp\Tp_S_NNN_S_B_pla20004_pla20004_02400.tif
FAKE,D:/Diplom/ela_core/datasets/Some_data_sets/CASIA2/Tp\Tp_S_NRD_S_B_sec20066_sec20066_01656.tif
FAKE,D:/Diplom/ela_core/datasets/Some_data_sets/CASIA2/Tp\Tp_D_NNN_M_B_sec20045_arc20001_02127.tif
FAKE,D:/Diplom/ela_core/datasets/Some_data_sets/CASIA2/Tp\Tp_D_NRN_S_N_cha00039_cha00040_11012.jpg
FAKE,D:/Diplom/ela_core/datasets/CASIA1/Sp\Sp_D_NRN_A_sec0016_cha0013_0548.jpg
FAKE,D:/Diplom/ela_core/datasets/Some_data_sets/CASIA2/Tp\Tp_D_NNN_M_N_ani10132_ani10123_12477.jpg
FAKE,D:/Diplom/ela_core/datasets/CASIA1/Sp\Sp_S_NNN_R_txt0005_txt0005_0005.jpg
FAKE,D:/Diplom/ela_core/datasets/Some_data_sets/CASIA2/Tp\Tp_D_NNN_M_O_nat00033_ani00031_10078.tif
FAKE,D:/Diplom/ela_core/datasets/Some_data_sets/CASIA2/Tp\Tp_D_NNN_S_N_ani10176_ani10175_12460.jpg
FAKE,D:/Diplom/ela_core/datasets/CASIA1/Sp\Sp_S_NNN_C_txt0058_txt0058_0058.jpg
FAKE,D:/Diplom/ela_core/datasets/Some_data_sets/CASIA2/Tp\Tp_S_NRD_S_N_art00073_art00073_01014.tif
FAKE,D:/Diplom/ela_core/datasets/Some_data_sets/CASIA2/Tp\Tp_S_NNN_S_B_pla20047_pla20047_02380.tif
FAKE,D:/Diplom/ela_core/datasets/CASIA1/Sp\Sp_S_NNN_C_txt0065_txt0065_0065.jpg
FAKE,D:/Diplom/ela_core/datasets/Some_data_sets/CASIA2/Tp\Tp_S_NNN_S_N_pla00045_pla00045_01155.tif
FAKE,D:/Diplom/ela_core/datasets/Some_data_sets/CASIA2/Tp\Tp_S_CRN_S_N_ind20016_ind20016_01757.tif
FAKE,D:/Diplom/ela_core/datasets/Some_data_sets/CASIA2/Tp\Tp_D_NRN_S_N_sec00015_sec00097_11695.jpg
FAKE,D:/Diplom/ela_core/datasets/Some_data_sets/CASIA2/Tp\Tp_S_NRN_S_N_ani00010_ani00010_00130.tif
FAKE,D:/Diplom/ela_core/datasets/Some_data_sets/CASIA2/Tp\Tp_S_NNN_S_N_ind00087_ind00087_01371.tif
FAKE,D:/Diplom/ela_core/datasets/Some_data_sets/CASIA2/Tp\Tp_S_NND_S_N_sec20068_sec20068_01658.tif
FAKE,D:/Diplom/ela_core/datasets/Some_data_sets/CASIA2/Tp\Tp_S_NRN_S_N_art00095_art00095_01386.tif
FAKE,D:/Diplom/ela_core/datasets/Some_data_sets/CASIA2/Tp\Tp_D_NRN_S_N_ani10187_ani10200_12440.jpg
FAKE,D:/Diplom/ela_core/datasets/Some_data_sets/CASIA2/Tp\Tp_D_CRD_M_N_arc00037_ani00005_10142.tif
FAKE,D:/Diplom/ela_core/datasets/Some_data_sets/CASIA2/Tp\Tp_S_NND_S_N_sec00056_sec00056_00077.tif
FAKE,D:/Diplom/ela_core/datasets/Some_data_sets/CASIA2/Tp\Tp_D_NNN_S_O_arc00012_ani00001_00232.tif
FAKE,D:/Diplom/ela_core/datasets/Some_data_sets/CASIA2/Tp\Tp_D_NRN_M_O_ani10104_ani10101_10021.tif
FAKE,D:/Diplom/ela_core/datasets/Some_data_sets/CASIA2/Tp\Tp_D_CRN_S_N_nat10129_ani00100_11644.jpg
FAKE,D:/Diplom/ela_core/datasets/Some_data_sets/CASIA2/Tp\Tp_S_NNN_S_B_arc00015_arc00015_20060.jpg
FAKE,D:/Diplom/ela_core/datasets/Some_data_sets/CASIA2/Tp\Tp_S_NNN_S_O_sec00043_sec00043_00796.tif
FAKE,D:/Diplom/ela_core/datasets/Some_data_sets/CASIA2/Tp\Tp_D_NRN_M_N_ind00082_cha00040_11755.jpg
FAKE,D:/Diplom/ela_core/datasets/Some_data_sets/CASIA2/Tp\Tp_S_CRN_M_N_cha00048_cha00048_11005.jpg
FAKE,D:/Diplom/ela_core/datasets/Some_data_sets/CASIA2/Tp\Tp_S_NRN_S_N_art00024_art00024_10737.jpg
FAKE,D:/Diplom/ela_core/datasets/Some_data_sets/CASIA2/Tp\Tp_S_CRN_M_N_nat00064_nat00064_10560.jpg
FAKE,D:/Diplom/ela_core/datasets/Some_data_sets/CASIA2/Tp\Tp_D_CRD_M_B_arc10113_arc10112_10030.tif
FAKE,D:/Diplom/ela_core/datasets/Some_data_sets/CASIA2/Tp\Tp_D_NRN_S_N_cha00020_art10102_11181.jpg
FAKE,D:/Diplom/ela_core/datasets/Some_data_sets/CASIA2/Tp\Tp_S_NNN_S_N_cha00065_cha00065_00385.tif
FAKE,D:/Diplom/ela_core/datasets/CASIA1/Sp\Sp_S_NNN_R_txt0014_txt0014_0014.jpg
FAKE,D:/Diplom/ela_core/datasets/Some_data_sets/CASIA2/Tp\Tp_S_NNN_S_N_ind00009_ind00009_00884.tif
FAKE,D:/Diplom/ela_core/datasets/CASIA1/Sp\Sp_S_NNN_R_txt0078_txt0078_0078.jpg
FAKE,D:/Diplom/ela_core/datasets/Some_data_sets/CASIA2/Tp\Tp_D_NRN_S_N_cha10157_pla00050_12263.jpg
FAKE,D:/Diplom/ela_core/datasets/Some_data_sets/CASIA2/Tp\Tp_D_NND_S_N_ind00016_ind00017_00432.tif
FAKE,D:/Diplom/ela_core/datasets/Some_data_sets/CASIA2/Tp\Tp_D_NRN_S_N_pla10122_ani10122_11606.jpg
FAKE,D:/Diplom/ela_core/datasets/Some_data_sets/CASIA2/Tp\Tp_S_NNN_S_N_ind00074_ind00074_10929.jpg
FAKE,D:/Diplom/ela_core/datasets/Some_data_sets/CASIA2/Tp\Tp_S_NRN_S_N_cha10174_cha10174_12274.jpg
FAKE,D:/Diplom/ela_core/datasets/Some_data_sets/CASIA2/Tp\Tp_D_NNN_S_O_pla00056_pla00065_11225.jpg
FAKE,D:/Diplom/ela_core/datasets/Some_data_sets/CASIA2/Tp\Tp_D_CNN_S_N_txt00051_txt00051_10376.tif
FAKE,D:/Diplom/ela_core/datasets/Some_data_sets/CASIA2/Tp\Tp_S_NNN_S_B_ani00013_ani00013_20057.jpg
FAKE,D:/Diplom/ela_core/datasets/CASIA1/Sp\Sp_D_CRN_A_nat0094_art0096_0389.jpg
FAKE,D:/Diplom/ela_core/datasets/Some_data_sets/CASIA2/Tp\Tp_S_NRD_S_N_arc00059_arc00059_01067.tif
FAKE,D:/Diplom/ela_core/datasets/Some_data_sets/CASIA2/Tp\Tp_S_NRN_M_N_art00015_art00015_10272.tif
FAKE,D:/Diplom/ela_core/datasets/CASIA1/Sp\Sp_S_NNN_R_txt0080_txt0080_0080.jpg
FAKE,D:/Diplom/ela_core/datasets/Some_data_sets/CASIA2/Tp\Tp_D_CRN_S_N_sec00040_cha00086_11406.jpg
FAKE,D:/Diplom/ela_core/datasets/Some_data_sets/CASIA2/Tp\Tp_D_NRN_M_N_nat10144_nat10124_11970.jpg
FAKE,D:/Diplom/ela_core/datasets/Some_data_sets/CASIA2/Tp\Tp_S_NNN_S_N_ind00072_ind00072_01359.tif
FAKE,D:/Diplom/ela_core/datasets/Some_data_sets/CASIA2/Tp\Tp_S_CRD_S_B_ani00047_ani00047_00167.tif
FAKE,D:/Diplom/ela_core/datasets/Some_data_sets/CASIA2/Tp\Tp_S_NNN_S_N_cha20004_cha20004_02003.tif
FAKE,D:/Diplom/ela_core/datasets/Some_data_sets/CASIA2/Tp\Tp_S_NNN_S_N_arc00085_arc00085_01045.tif
FAKE,D:/Diplom/ela_core/datasets/Some_data_sets/CASIA2/Tp\Tp_D_NRN_S_N_nat10145_ani00021_11987.jpg
FAKE,D:/Diplom/ela_core/datasets/Some_data_sets/CASIA2/Tp\Tp_S_CNN_M_N_txt00091_txt00091_11314.jpg
FAKE,D:/Diplom/ela_core/datasets/Some_data_sets/CASIA2/Tp\Tp_S_NRN_S_N_ani20017_ani20017_02060.tif
FAKE,D:/Diplom/ela_core/datasets/Some_data_sets/CASIA2/Tp\Tp_S_NNN_S_N_ind00075_ind00075_10678.jpg
FAKE,D:/Diplom/ela_core/datasets/Some_data_sets/CASIA2/Tp\Tp_D_NRN_S_N_ind00006_ind00005_11748.jpg
FAKE,D:/Diplom/ela_core/datasets/Some_data_sets/CASIA2/Tp\Tp_S_NNN_S_N_art00021_art00021_00922.tif
FAKE,D:/Diplom/ela_core/datasets/Some_data_sets/CASIA2/Tp\Tp_D_CRN_S_N_ind00006_art00076_11745.jpg
FAKE,D:/Diplom/ela_core/datasets/CASIA1/Sp\Sp_S_NNN_C_txt0085_txt0085_0085.jpg
FAKE,D:/Diplom/ela_core/datasets/Some_data_sets/CASIA2/Tp\Tp_S_NNN_S_N_pla20063_pla20063_01963.tif
FAKE,D:/Diplom/ela_core/datasets/CASIA1/Sp\Sp_D_NNN_A_pla0078_ani0058_0343.jpg
FAKE,D:/Diplom/ela_core/datasets/Some_data_sets/CASIA2/Tp\Tp_S_NND_S_N_art20014_art20014_01820.tif
FAKE,D:/Diplom/ela_core/datasets/Some_data_sets/CASIA2/Tp\Tp_S_NNN_S_N_art20004_art20004_01810.tif
FAKE,D:/Diplom/ela_core/datasets/Some_data_sets/CASIA2/Tp\Tp_D_CNN_M_N_txt00049_txt00050_10374.tif
FAKE,D:/Diplom/ela_core/datasets/Some_data_sets/CASIA2/Tp\Tp_S_NNN_S_N_ind20062_ind20062_01803.tif
FAKE,D:/Diplom/ela_core/datasets/Some_data_sets/CASIA2/Tp\Tp_D_NRN_M_N_ani00019_nat10122_11866.jpg
FAKE,D:/Diplom/ela_core/datasets/Some_data_sets/CASIA2/Tp\Tp_S_CNN_M_N_art00007_art00007_10751.jpg
FAKE,D:/Diplom/ela_core/datasets/Some_data_sets/CASIA2/Tp\Tp_S_NNN_S_N_ind00073_ind00073_01360.tif
FAKE,D:/Diplom/ela_core/datasets/Some_data_sets/CASIA2/Tp\Tp_S_NNN_S_N_cha00058_cha00058_00854.tif
FAKE,D:/Diplom/ela_core/datasets/Some_data_sets/CASIA2/Tp\Tp_S_CNN_S_N_sec00076_sec00076_00097.tif
FAKE,D:/Diplom/ela_core/datasets/Some_data_sets/CASIA2/Tp\Tp_D_CNN_M_N_nat00077_nat00077_10574.jpg
FAKE,D:/Diplom/ela_core/datasets/Some_data_sets/CASIA2/Tp\Tp_S_NRN_M_N_sec00061_sec00061_11263.jpg
FAKE,D:/Diplom/ela_core/datasets/CASIA1/Sp\Sp_D_NRN_A_arc0059_art0099_0450.jpg
FAKE,D:/Diplom/ela_core/datasets/Some_data_sets/CASIA2/Tp\Tp_D_NNN_S_N_nat10163_sec00097_12090.jpg
FAKE,D:/Diplom/ela_core/datasets/Some_data_sets/CASIA2/Tp\Tp_D_NRD_M_B_arc20061_arc20061_02481.tif
FAKE,D:/Diplom/ela_core/datasets/Some_data_sets/CASIA2/Tp\Tp_D_CNN_S_N_ind00005_ind00014_00424.tif
FAKE,D:/Diplom/ela_core/datasets/Some_data_sets/CASIA2/Tp\Tp_S_NNN_S_N_pla20071_pla20071_02377.tif
FAKE,D:/Diplom/ela_core/datasets/Some_data_sets/CASIA2/Tp\Tp_S_NRD_S_B_cha20032_cha20032_02486.tif
FAKE,D:/Diplom/ela_core/datasets/Some_data_sets/CASIA2/Tp\Tp_D_NNN_S_N_nat00040_nat00061_11434.jpg
FAKE,D:/Diplom/ela_core/datasets/CASIA1/Sp\Sp_D_CRN_A_sec0039_sec0070_0398.jpg
FAKE,D:/Diplom/ela_core/datasets/Some_data_sets/CASIA2/Tp\Tp_S_NNN_S_N_nat00030_nat00030_00949.tif
FAKE,D:/Diplom/ela_core/datasets/Some_data_sets/CASIA2/Tp\Tp_S_CRN_M_N_cha00064_cha00064_11019.jpg
FAKE,D:/Diplom/ela_core/datasets/CASIA1/Sp\Sp_S_NNN_R_txt0034_txt0034_0034.jpg
FAKE,D:/Diplom/ela_core/datasets/Some_data_sets/CASIA2/Tp\Tp_D_NRN_S_N_ind00013_cha00023_00431.tif
FAKE,D:/Diplom/ela_core/datasets/Some_data_sets/CASIA2/Tp\Tp_D_CRN_S_N_nat10164_ani00005_12093.jpg
FAKE,D:/Diplom/ela_core/datasets/Some_data_sets/CASIA2/Tp\Tp_S_NNN_S_N_sec00053_sec00053_00733.tif
FAKE,D:/Diplom/ela_core/datasets/Some_data_sets/CASIA2/Tp\Tp_D_CRN_S_N_txt00039_txt00041_10828.jpg
FAKE,D:/Diplom/ela_core/datasets/Some_data_sets/CASIA2/Tp\Tp_S_CRN_S_N_cha10135_cha10135_12206.jpg
FAKE,D:/Diplom/ela_core/datasets/Some_data_sets/CASIA2/Tp\Tp_S_CNN_M_N_arc00083_arc00083_10268.tif
FAKE,D:/Diplom/ela_core/datasets/Some_data_sets/CASIA2/Tp\Tp_S_NND_S_N_cha20040_cha20040_02039.tif
FAKE,D:/Diplom/ela_core/datasets/Some_data_sets/CASIA2/Tp\Tp_D_NRN_S_N_arc00015_ani00013_00235.tif
FAKE,D:/Diplom/ela_core/datasets/Some_data_sets/CASIA2/Tp\Tp_S_NRN_M_N_ind00085_ind00085_10675.jpg
FAKE,D:/Diplom/ela_core/datasets/CASIA1/Sp\Sp_S_NNN_A_arc0055_arc0055_0020.jpg
FAKE,D:/Diplom/ela_core/datasets/Some_data_sets/CASIA2/Tp\Tp_S_NNN_S_N_ind00061_ind00061_01350.tif
FAKE,D:/Diplom/ela_core/datasets/Some_data_sets/CASIA2/Tp\Tp_D_CRN_M_N_art00067_ani00093_11801.jpg
FAKE,D:/Diplom/ela_core/datasets/Some_data_sets/CASIA2/Tp\Tp_D_CRN_S_N_art00011_art00092_11840.jpg
FAKE,D:/Diplom/ela_core/datasets/Some_data_sets/CASIA2/Tp\Tp_S_NRD_S_N_arc10123_arc10123_11926.jpg
FAKE,D:/Diplom/ela_core/datasets/Some_data_sets/CASIA2/Tp\Tp_S_NND_S_B_sec00046_sec00046_01433.tif
FAKE,D:/Diplom/ela_core/datasets/CASIA1/Sp\Sp_S_NNN_R_txt0069_txt0069_0069.jpg
FAKE,D:/Diplom/ela_core/datasets/Some_data_sets/CASIA2/Tp\Tp_S_CNN_M_N_ind00087_ind00087_10296.tif
FAKE,D:/Diplom/ela_core/datasets/CASIA1/Sp\Sp_S_NNN_C_txt0012_txt0012_0012.jpg
FAKE,D:/Diplom/ela_core/datasets/CASIA1/Sp\Sp_D_NRN_A_cha0075_cha0070_0500.jpg
FAKE,D:/Diplom/ela_core/datasets/Some_data_sets/CASIA2/Tp\Tp_S_NNN_S_B_pla20013_pla20013_02392.tif
FAKE,D:/Diplom/ela_core/datasets/CASIA1/Sp\Sp_S_CRN_R_pla0067_pla0067_0195.jpg
FAKE,D:/Diplom/ela_core/datasets/CASIA1/Sp\Sp_D_NRN_A_art0083_pla0031_0481.jpg
FAKE,D:/Diplom/ela_core/datasets/Some_data_sets/CASIA2/Tp\Tp_S_NNN_S_N_nat00011_nat00011_00937.tif
FAKE,D:/Diplom/ela_core/datasets/Some_data_sets/CASIA2/Tp\Tp_D_CRN_S_N_arc00030_pla00026_10066.tif
REAL,D:/Diplom/ela_core/datasets/Some_data_sets/CASIA2/Au\Au_arc_30132.jpg
REAL,D:/Diplom/ela_core/datasets/Some_data_sets/CASIA2/Au\Au_pla_00001.jpg
REAL,D:/Diplom/ela_core/datasets/Some_data_sets/CASIA2/Au\Au_pla_00065.jpg
REAL,D:/Diplom/ela_core/datasets/Some_data_sets/CASIA2/Au\Au_nat_30323.jpg
REAL,D:/Diplom/ela_core/datasets/CASIA1/Au\Au_cha_0024.jpg
REAL,D:/Diplom/ela_core/datasets/Some_data_sets/CASIA2/Au\Au_art_00020.jpg
REAL,D:/Diplom/ela_core/datasets/Some_data_sets/CASIA2/Au\Au_ani_30011.jpg
REAL,D:/Diplom/ela_core/datasets/Some_data_sets/CASIA2/Au\Au_arc_30598.jpg
REAL,D:/Diplom/ela_core/datasets/Some_data_sets/CASIA2/Au\Au_sec_30450.jpg
REAL,D:/Diplom/ela_core/datasets/Some_data_sets/CASIA2/Au\Au_cha_30064.jpg
REAL,D:/Diplom/ela_core/datasets/Some_data_sets/CASIA2/Au\Au_pla_30168.jpg
REAL,D:/Diplom/ela_core/datasets/Some_data_sets/CASIA2/Au\Au_ind_30153.jpg
REAL,D:/Diplom/ela_core/datasets/Some_data_sets/CASIA2/Au\Au_arc_00004.jpg
REAL,D:/Diplom/ela_core/datasets/Some_data_sets/CASIA2/Au\Au_cha_10166.jpg
REAL,D:/Diplom/ela_core/datasets/Some_data_sets/CASIA2/Au\Au_pla_30377.jpg
REAL,D:/Diplom/ela_core/datasets/Some_data_sets/CASIA2/Au\Au_sec_30519.jpg
REAL,D:/Diplom/ela_core/datasets/Some_data_sets/CASIA2/Au\Au_ani_30208.jpg
REAL,D:/Diplom/ela_core/datasets/CASIA1/Au\Au_cha_0061.jpg
REAL,D:/Diplom/ela_core/datasets/Some_data_sets/CASIA2/Au\Au_pla_20028.jpg
REAL,D:/Diplom/ela_core/datasets/Some_data_sets/CASIA2/Au\Au_ind_00031.jpg
REAL,D:/Diplom/ela_core/datasets/Some_data_sets/CASIA2/Au\Au_sec_20034.jpg
REAL,D:/Diplom/ela_core/datasets/Some_data_sets/CASIA2/Au\Au_ind_00028.jpg
REAL,D:/Diplom/ela_core/datasets/CASIA1/Au\Au_pla_0014.jpg
REAL,D:/Diplom/ela_core/datasets/Some_data_sets/CASIA2/Au\Au_art_30474.jpg
REAL,D:/Diplom/ela_core/datasets/Some_data_sets/CASIA2/Au\Au_ani_30451.jpg
REAL,D:/Diplom/ela_core/datasets/Some_data_sets/CASIA2/Au\Au_ani_20064.jpg
REAL,D:/Diplom/ela_core/datasets/Some_data_sets/CASIA2/Au\Au_cha_30704.jpg
REAL,D:/Diplom/ela_core/datasets/Some_data_sets/CASIA2/Au\Au_ani_30050.jpg
REAL,D:/Diplom/ela_core/datasets/Some_data_sets/CASIA2/Au\Au_art_30612.jpg
REAL,D:/Diplom/ela_core/datasets/Some_data_sets/CASIA2/Au\Au_nat_30703.jpg
REAL,D:/Diplom/ela_core/datasets/Some_data_sets/CASIA2/Au\Au_art_10003.jpg
REAL,D:/Diplom/ela_core/datasets/Some_data_sets/CASIA2/Au\Au_nat_30014.jpg
REAL,D:/Diplom/ela_core/datasets/Some_data_sets/CASIA2/Au\Au_sec_30502.jpg
REAL,D:/Diplom/ela_core/datasets/Some_data_sets/CASIA2/Au\Au_pla_30726.jpg
REAL,D:/Diplom/ela_core/datasets/Some_data_sets/CASIA2/Au\Au_art_30642.jpg
REAL,D:/Diplom/ela_core/datasets/Some_data_sets/CASIA2/Au\Au_ani_30531.jpg
REAL,D:/Diplom/ela_core/datasets/Some_data_sets/CASIA2/Au\Au_ani_30137.jpg
REAL,D:/Diplom/ela_core/datasets/Some_data_sets/CASIA2/Au\Au_art_20008.jpg
REAL,D:/Diplom/ela_core/datasets/Some_data_sets/CASIA2/Au\Au_pla_30467.jpg
REAL,D:/Diplom/ela_core/datasets/Some_data_sets/CASIA2/Au\Au_pla_30568.jpg
REAL,D:/Diplom/ela_core/datasets/Some_data_sets/CASIA2/Au\Au_ind_30108.jpg
REAL,D:/Diplom/ela_core/datasets/Some_data_sets/CASIA2/Au\Au_sec_30665.jpg
REAL,D:/Diplom/ela_core/datasets/Some_data_sets/CASIA2/Au\Au_cha_30112.jpg
REAL,D:/Diplom/ela_core/datasets/Some_data_sets/CASIA2/Au\Au_sec_30338.jpg
REAL,D:/Diplom/ela_core/datasets/Some_data_sets/CASIA2/Au\Au_nat_30461.jpg
REAL,D:/Diplom/ela_core/datasets/Some_data_sets/CASIA2/Au\Au_nat_20086.jpg
REAL,D:/Diplom/ela_core/datasets/Some_data_sets/CASIA2/Au\Au_sec_00060.jpg
REAL,D:/Diplom/ela_core/datasets/Some_data_sets/CASIA2/Au\Au_art_30333.jpg
REAL,D:/Diplom/ela_core/datasets/Some_data_sets/CASIA2/Au\Au_sec_30277.jpg
REAL,D:/Diplom/ela_core/datasets/Some_data_sets/CASIA2/Au\Au_cha_30211.jpg
REAL,D:/Diplom/ela_core/datasets/Some_data_sets/CASIA2/Au\Au_cha_30608.jpg
REAL,D:/Diplom/ela_core/datasets/Some_data_sets/CASIA2/Au\Au_sec_30045.jpg
REAL,D:/Diplom/ela_core/datasets/CASIA1/Au\Au_cha_0066.jpg
REAL,D:/Diplom/ela_core/datasets/Some_data_sets/CASIA2/Au\Au_pla_00021.jpg
REAL,D:/Diplom/ela_core/datasets/CASIA1/Au\Au_nat_0084.jpg
REAL,D:/Diplom/ela_core/datasets/Some_data_sets/CASIA2/Au\Au_nat_30401.jpg
REAL,D:/Diplom/ela_core/datasets/Some_data_sets/CASIA2/Au\Au_pla_30626.jpg
REAL,D:/Diplom/ela_core/datasets/CASIA1/Au\Au_cha_0003.jpg
REAL,D:/Diplom/ela_core/datasets/CASIA1/Au\Au_ani_0032.jpg
REAL,D:/Diplom/ela_core/datasets/Some_data_sets/CASIA2/Au\Au_cha_30340.jpg
REAL,D:/Diplom/ela_core/datasets/Some_data_sets/CASIA2/Au\Au_nat_30267.jpg
REAL,D:/Diplom/ela_core/datasets/CASIA1/Au\Au_sec_0041.jpg
REAL,D:/Diplom/ela_core/datasets/Some_data_sets/CASIA2/Au\Au_ani_30727.jpg
REAL,D:/Diplom/ela_core/datasets/Some_data_sets/CASIA2/Au\Au_cha_30587.jpg
REAL,D:/Diplom/ela_core/datasets/Some_data_sets/CASIA2/Au\Au_cha_30503.jpg
REAL,D:/Diplom/ela_core/datasets/Some_data_sets/CASIA2/Au\Au_sec_00033.jpg
REAL,D:/Diplom/ela_core/datasets/Some_data_sets/CASIA2/Au\Au_cha_30629.jpg
REAL,D:/Diplom/ela_core/datasets/Some_data_sets/CASIA2/Au\Au_arc_30096.jpg
REAL,D:/Diplom/ela_core/datasets/Some_data_sets/CASIA2/Au\Au_cha_20005.jpg
REAL,D:/Diplom/ela_core/datasets/Some_data_sets/CASIA2/Au\Au_cha_30198.jpg
REAL,D:/Diplom/ela_core/datasets/Some_data_sets/CASIA2/Au\Au_art_30480.jpg
REAL,D:/Diplom/ela_core/datasets/CASIA1/Au\Au_pla_0022.jpg
REAL,D:/Diplom/ela_core/datasets/Some_data_sets/CASIA2/Au\Au_ind_30102.jpg
REAL,D:/Diplom/ela_core/datasets/Some_data_sets/CASIA2/Au\Au_sec_30037.jpg
REAL,D:/Diplom/ela_core/datasets/Some_data_sets/CASIA2/Au\Au_cha_30601.jpg
REAL,D:/Diplom/ela_core/datasets/Some_data_sets/CASIA2/Au\Au_arc_30006.jpg
REAL,D:/Diplom/ela_core/datasets/Some_data_sets/CASIA2/Au\Au_art_10009.jpg
REAL,D:/Diplom/ela_core/datasets/Some_data_sets/CASIA2/Au\Au_ani_30737.jpg
REAL,D:/Diplom/ela_core/datasets/Some_data_sets/CASIA2/Au\Au_ind_20005.jpg
REAL,D:/Diplom/ela_core/datasets/Some_data_sets/CASIA2/Au\Au_ani_10176.jpg
REAL,D:/Diplom/ela_core/datasets/Some_data_sets/CASIA2/Au\Au_ani_20027.jpg
REAL,D:/Diplom/ela_core/datasets/Some_data_sets/CASIA2/Au\Au_arc_30612.jpg
REAL,D:/Diplom/ela_core/datasets/Some_data_sets/CASIA2/Au\Au_ind_30097.jpg
REAL,D:/Diplom/ela_core/datasets/Some_data_sets/CASIA2/Au\Au_ani_10214.jpg
REAL,D:/Diplom/ela_core/datasets/Some_data_sets/CASIA2/Au\Au_cha_30010.jpg
REAL,D:/Diplom/ela_core/datasets/Some_data_sets/CASIA2/Au\Au_art_20025.jpg
REAL,D:/Diplom/ela_core/datasets/Some_data_sets/CASIA2/Au\Au_cha_30139.jpg
REAL,D:/Diplom/ela_core/datasets/Some_data_sets/CASIA2/Au\Au_sec_30108.jpg
REAL,D:/Diplom/ela_core/datasets/Some_data_sets/CASIA2/Au\Au_cha_30682.jpg
REAL,D:/Diplom/ela_core/datasets/Some_data_sets/CASIA2/Au\Au_nat_00027.jpg
REAL,D:/Diplom/ela_core/datasets/Some_data_sets/CASIA2/Au\Au_pla_30315.jpg
REAL,D:/Diplom/ela_core/datasets/Some_data_sets/CASIA2/Au\Au_ani_10128.jpg
REAL,D:/Diplom/ela_core/datasets/Some_data_sets/CASIA2/Au\Au_nat_30556.jpg
REAL,D:/Diplom/ela_core/datasets/Some_data_sets/CASIA2/Au\Au_ind_00041.jpg
REAL,D:/Diplom/ela_core/datasets/Some_data_sets/CASIA2/Au\Au_cha_30484.jpg
REAL,D:/Diplom/ela_core/datasets/Some_data_sets/CASIA2/Au\Au_arc_30818.jpg
REAL,D:/Diplom/ela_core/datasets/Some_data_sets/CASIA2/Au\Au_arc_20006.jpg
REAL,D:/Diplom/ela_core/datasets/Some_data_sets/CASIA2/Au\Au_pla_30544.jpg
REAL,D:/Diplom/ela_core/datasets/Some_data_sets/CASIA2/Au\Au_cha_30524.jpg
REAL,D:/Diplom/ela_core/datasets/Some_data_sets/CASIA2/Au\Au_art_00051.jpg
REAL,D:/Diplom/ela_core/datasets/Some_data_sets/CASIA2/Au\Au_arc_30137.jpg
REAL,D:/Diplom/ela_core/datasets/Some_data_sets/CASIA2/Au\Au_arc_30021.jpg
REAL,D:/Diplom/ela_core/datasets/Some_data_sets/CASIA2/Au\Au_cha_10131.jpg
REAL,D:/Diplom/ela_core/datasets/Some_data_sets/CASIA2/Au\Au_txt_00033.jpg
REAL,D:/Diplom/ela_core/datasets/Some_data_sets/CASIA2/Au\Au_ind_30095.jpg
REAL,D:/Diplom/ela_core/datasets/CASIA1/Au\Au_arc_0075.jpg
REAL,D:/Diplom/ela_core/datasets/Some_data_sets/CASIA2/Au\Au_ani_30138.jpg
REAL,D:/Diplom/ela_core/datasets/Some_data_sets/CASIA2/Au\Au_art_30080.jpg
REAL,D:/Diplom/ela_core/datasets/Some_data_sets/CASIA2/Au\Au_ani_30057.jpg
REAL,D:/Diplom/ela_core/datasets/CASIA1/Au\Au_pla_0027.jpg
REAL,D:/Diplom/ela_core/datasets/Some_data_sets/CASIA2/Au\Au_nat_30587.jpg
REAL,D:/Diplom/ela_core/datasets/Some_data_sets/CASIA2/Au\Au_cha_20029.jpg
REAL,D:/Diplom/ela_core/datasets/Some_data_sets/CASIA2/Au\Au_arc_30038.jpg
REAL,D:/Diplom/ela_core/datasets/CASIA1/Au\Au_txt_0078.jpg
REAL,D:/Diplom/ela_core/datasets/Some_data_sets/CASIA2/Au\Au_arc_30318.jpg
REAL,D:/Diplom/ela_core/datasets/Some_data_sets/CASIA2/Au\Au_pla_30286.jpg
REAL,D:/Diplom/ela_core/datasets/CASIA1/Au\Au_sec_0067.jpg
REAL,D:/Diplom/ela_core/datasets/Some_data_sets/CASIA2/Au\Au_arc_30251.jpg
REAL,D:/Diplom/ela_core/datasets/Some_data_sets/CASIA2/Au\Au_nat_30573.jpg
REAL,D:/Diplom/ela_core/datasets/Some_data_sets/CASIA2/Au\Au_arc_30086.jpg
REAL,D:/Diplom/ela_core/datasets/Some_data_sets/CASIA2/Au\Au_art_20057.jpg
REAL,D:/Diplom/ela_core/datasets/Some_data_sets/CASIA2/Au\Au_ani_30328.jpg
REAL,D:/Diplom/ela_core/datasets/Some_data_sets/CASIA2/Au\Au_nat_30286.jpg
REAL,D:/Diplom/ela_core/datasets/Some_data_sets/CASIA2/Au\Au_sec_00045.jpg
REAL,D:/Diplom/ela_core/datasets/Some_data_sets/CASIA2/Au\Au_ind_30118.jpg
REAL,D:/Diplom/ela_core/datasets/Some_data_sets/CASIA2/Au\Au_sec_20020.jpg
REAL,D:/Diplom/ela_core/datasets/Some_data_sets/CASIA2/Au\Au_nat_30195.jpg
REAL,D:/Diplom/ela_core/datasets/Some_data_sets/CASIA2/Au\Au_ani_10193.jpg
REAL,D:/Diplom/ela_core/datasets/Some_data_sets/CASIA2/Au\Au_pla_30471.jpg
REAL,D:/Diplom/ela_core/datasets/Some_data_sets/CASIA2/Au\Au_cha_30618.jpg
REAL,D:/Diplom/ela_core/datasets/Some_data_sets/CASIA2/Au\Au_sec_30009.jpg
REAL,D:/Diplom/ela_core/datasets/Some_data_sets/CASIA2/Au\Au_sec_30721.jpg
REAL,D:/Diplom/ela_core/datasets/Some_data_sets/CASIA2/Au\Au_ani_30128.jpg
REAL,D:/Diplom/ela_core/datasets/Some_data_sets/CASIA2/Au\Au_arc_30016.jpg
REAL,D:/Diplom/ela_core/datasets/Some_data_sets/CASIA2/Au\Au_art_30617.jpg
REAL,D:/Diplom/ela_core/datasets/Some_data_sets/CASIA2/Au\Au_ani_30555.jpg
REAL,D:/Diplom/ela_core/datasets/Some_data_sets/CASIA2/Au\Au_arc_30843.jpg
REAL,D:/Diplom/ela_core/datasets/Some_data_sets/CASIA2/Au\Au_art_30404.jpg
REAL,D:/Diplom/ela_core/datasets/Some_data_sets/CASIA2/Au\Au_cha_30329.jpg
REAL,D:/Diplom/ela_core/datasets/Some_data_sets/CASIA2/Au\Au_art_30489.jpg
REAL,D:/Diplom/ela_core/datasets/Some_data_sets/CASIA2/Au\Au_sec_30455.jpg
REAL,D:/Diplom/ela_core/datasets/Some_data_sets/CASIA2/Au\Au_nat_10113.JPG
REAL,D:/Diplom/ela_core/datasets/Some_data_sets/CASIA2/Au\Au_arc_00082.jpg
REAL,D:/Diplom/ela_core/datasets/Some_data_sets/CASIA2/Au\Au_art_30295.jpg
REAL,D:/Diplom/ela_core/datasets/Some_data_sets/CASIA2/Au\Au_cha_30330.jpg
REAL,D:/Diplom/ela_core/datasets/Some_data_sets/CASIA2/Au\Au_ind_30147.jpg
REAL,D:/Diplom/ela_core/datasets/Some_data_sets/CASIA2/Au\Au_sec_30616.jpg
REAL,D:/Diplom/ela_core/datasets/Some_data_sets/CASIA2/Au\Au_art_20037.jpg
REAL,D:/Diplom/ela_core/datasets/Some_data_sets/CASIA2/Au\Au_txt_30011.jpg
REAL,D:/Diplom/ela_core/datasets/Some_data_sets/CASIA2/Au\Au_pla_20064.jpg
REAL,D:/Diplom/ela_core/datasets/Some_data_sets/CASIA2/Au\Au_cha_10196.jpg
REAL,D:/Diplom/ela_core/datasets/Some_data_sets/CASIA2/Au\Au_art_30232.jpg
REAL,D:/Diplom/ela_core/datasets/Some_data_sets/CASIA2/Au\Au_ind_30073.jpg
REAL,D:/Diplom/ela_core/datasets/Some_data_sets/CASIA2/Au\Au_sec_30297.jpg
REAL,D:/Diplom/ela_core/datasets/Some_data_sets/CASIA2/Au\Au_art_30581.jpg
REAL,D:/Diplom/ela_core/datasets/Some_data_sets/CASIA2/Au\Au_art_30103.jpg
REAL,D:/Diplom/ela_core/datasets/Some_data_sets/CASIA2/Au\Au_nat_30683.jpg
REAL,D:/Diplom/ela_core/datasets/Some_data_sets/CASIA2/Au\Au_pla_30675.jpg
REAL,D:/Diplom/ela_core/datasets/Some_data_sets/CASIA2/Au\Au_art_00088.jpg
REAL,D:/Diplom/ela_core/datasets/Some_data_sets/CASIA2/Au\Au_txt_00024.jpg
REAL,D:/Diplom/ela_core/datasets/Some_data_sets/CASIA2/Au\Au_arc_00100.jpg
REAL,D:/Diplom/ela_core/datasets/Some_data_sets/CASIA2/Au\Au_ind_00071.jpg
REAL,D:/Diplom/ela_core/datasets/Some_data_sets/CASIA2/Au\Au_ani_30673.jpg
REAL,D:/Diplom/ela_core/datasets/Some_data_sets/CASIA2/Au\Au_ani_30181.jpg
REAL,D:/Diplom/ela_core/datasets/Some_data_sets/CASIA2/Au\Au_arc_00010.jpg
REAL,D:/Diplom/ela_core/datasets/Some_data_sets/CASIA2/Au\Au_sec_30101.jpg
REAL,D:/Diplom/ela_core/datasets/Some_data_sets/CASIA2/Au\Au_nat_20038.jpg
REAL,D:/Diplom/ela_core/datasets/Some_data_sets/CASIA2/Au\Au_ani_30781.jpg
REAL,D:/Diplom/ela_core/datasets/Some_data_sets/CASIA2/Au\Au_art_30261.jpg
REAL,D:/Diplom/ela_core/datasets/Some_data_sets/CASIA2/Au\Au_cha_30554.jpg
REAL,D:/Diplom/ela_core/datasets/Some_data_sets/CASIA2/Au\Au_cha_30577.jpg
REAL,D:/Diplom/ela_core/datasets/Some_data_sets/CASIA2/Au\Au_sec_20070.jpg
REAL,D:/Diplom/ela_core/datasets/Some_data_sets/CASIA2/Au\Au_ani_20003.jpg
REAL,D:/Diplom/ela_core/datasets/Some_data_sets/CASIA2/Au\Au_cha_30572.jpg
REAL,D:/Diplom/ela_core/datasets/Some_data_sets/CASIA2/Au\Au_nat_20035.jpg
REAL,D:/Diplom/ela_core/datasets/Some_data_sets/CASIA2/Au\Au_nat_20066.jpg
REAL,D:/Diplom/ela_core/datasets/CASIA1/Au\Au_pla_0033.jpg
REAL,D:/Diplom/ela_core/datasets/Some_data_sets/CASIA2/Au\Au_sec_20003.jpg
REAL,D:/Diplom/ela_core/datasets/Some_data_sets/CASIA2/Au\Au_sec_30601.jpg
REAL,D:/Diplom/ela_core/datasets/Some_data_sets/CASIA2/Au\Au_pla_30281.jpg
REAL,D:/Diplom/ela_core/datasets/CASIA1/Au\Au_nat_0057.jpg
REAL,D:/Diplom/ela_core/datasets/Some_data_sets/CASIA2/Au\Au_nat_20081.jpg
REAL,D:/Diplom/ela_core/datasets/Some_data_sets/CASIA2/Au\Au_art_30631.jpg
REAL,D:/Diplom/ela_core/datasets/Some_data_sets/CASIA2/Au\Au_art_30622.jpg
REAL,D:/Diplom/ela_core/datasets/Some_data_sets/CASIA2/Au\Au_nat_00076.jpg
REAL,D:/Diplom/ela_core/datasets/Some_data_sets/CASIA2/Au\Au_art_30201.jpg
REAL,D:/Diplom/ela_core/datasets/CASIA1/Au\Au_txt_0055.jpg
REAL,D:/Diplom/ela_core/datasets/CASIA1/Au\Au_art_0032.jpg
REAL,D:/Diplom/ela_core/datasets/Some_data_sets/CASIA2/Au\Au_pla_30253.jpg
REAL,D:/Diplom/ela_core/datasets/Some_data_sets/CASIA2/Au\Au_sec_30187.jpg
REAL,D:/Diplom/ela_core/datasets/Some_data_sets/CASIA2/Au\Au_pla_30397.jpg
REAL,D:/Diplom/ela_core/datasets/Some_data_sets/CASIA2/Au\Au_art_30187.jpg
REAL,D:/Diplom/ela_core/datasets/Some_data_sets/CASIA2/Au\Au_sec_30211.jpg
REAL,D:/Diplom/ela_core/datasets/Some_data_sets/CASIA2/Au\Au_ani_20012.jpg
REAL,D:/Diplom/ela_core/datasets/Some_data_sets/CASIA2/Au\Au_ani_00018.jpg
REAL,D:/Diplom/ela_core/datasets/Some_data_sets/CASIA2/Au\Au_cha_20003.jpg
REAL,D:/Diplom/ela_core/datasets/Some_data_sets/CASIA2/Au\Au_arc_20013.jpg
REAL,D:/Diplom/ela_core/datasets/Some_data_sets/CASIA2/Au\Au_cha_30611.jpg
REAL,D:/Diplom/ela_core/datasets/Some_data_sets/CASIA2/Au\Au_art_30093.jpg
REAL,D:/Diplom/ela_core/datasets/Some_data_sets/CASIA2/Au\Au_ani_00042.jpg
REAL,D:/Diplom/ela_core/datasets/Some_data_sets/CASIA2/Au\Au_arc_30222.jpg
REAL,D:/Diplom/ela_core/datasets/CASIA1/Au\Au_txt_0084.jpg
REAL,D:/Diplom/ela_core/datasets/Some_data_sets/CASIA2/Au\Au_art_30056.jpg
REAL,D:/Diplom/ela_core/datasets/CASIA1/Au\Au_arc_0040.jpg
REAL,D:/Diplom/ela_core/datasets/Some_data_sets/CASIA2/Au\Au_arc_30187.jpg
REAL,D:/Diplom/ela_core/datasets/Some_data_sets/CASIA2/Au\Au_arc_20048.jpg
REAL,D:/Diplom/ela_core/datasets/Some_data_sets/CASIA2/Au\Au_pla_30598.jpg
REAL,D:/Diplom/ela_core/datasets/Some_data_sets/CASIA2/Au\Au_pla_30242.jpg
REAL,D:/Diplom/ela_core/datasets/Some_data_sets/CASIA2/Au\Au_sec_30667.jpg
REAL,D:/Diplom/ela_core/datasets/Some_data_sets/CASIA2/Au\Au_pla_30374.jpg
REAL,D:/Diplom/ela_core/datasets/Some_data_sets/CASIA2/Au\Au_sec_00044.jpg
REAL,D:/Diplom/ela_core/datasets/Some_data_sets/CASIA2/Au\Au_arc_20002.jpg
REAL,D:/Diplom/ela_core/datasets/Some_data_sets/CASIA2/Au\Au_arc_30454.jpg
REAL,D:/Diplom/ela_core/datasets/Some_data_sets/CASIA2/Au\Au_txt_30020.jpg
REAL,D:/Diplom/ela_core/datasets/Some_data_sets/CASIA2/Au\Au_nat_30449.jpg
REAL,D:/Diplom/ela_core/datasets/Some_data_sets/CASIA2/Au\Au_ani_30607.jpg
REAL,D:/Diplom/ela_core/datasets/Some_data_sets/CASIA2/Au\Au_nat_30311.jpg
REAL,D:/Diplom/ela_core/datasets/Some_data_sets/CASIA2/Au\Au_pla_10120.JPG
REAL,D:/Diplom/ela_core/datasets/Some_data_sets/CASIA2/Au\Au_cha_10210.jpg
REAL,D:/Diplom/ela_core/datasets/Some_data_sets/CASIA2/Au\Au_sec_30213.jpg
REAL,D:/Diplom/ela_core/datasets/Some_data_sets/CASIA2/Au\Au_pla_00083.jpg
REAL,D:/Diplom/ela_core/datasets/Some_data_sets/CASIA2/Au\Au_arc_30426.jpg
REAL,D:/Diplom/ela_core/datasets/Some_data_sets/CASIA2/Au\Au_arc_00035.jpg
REAL,D:/Diplom/ela_core/datasets/Some_data_sets/CASIA2/Au\Au_ind_30046.jpg
REAL,D:/Diplom/ela_core/datasets/Some_data_sets/CASIA2/Au\Au_sec_30414.jpg
REAL,D:/Diplom/ela_core/datasets/Some_data_sets/CASIA2/Au\Au_nat_30379.jpg
REAL,D:/Diplom/ela_core/datasets/Some_data_sets/CASIA2/Au\Au_ani_30561.jpg
REAL,D:/Diplom/ela_core/datasets/Some_data_sets/CASIA2/Au\Au_cha_00033.jpg
REAL,D:/Diplom/ela_core/datasets/Some_data_sets/CASIA2/Au\Au_art_30521.jpg
REAL,D:/Diplom/ela_core/datasets/Some_data_sets/CASIA2/Au\Au_art_00007.jpg
REAL,D:/Diplom/ela_core/datasets/Some_data_sets/CASIA2/Au\Au_arc_30303.jpg
REAL,D:/Diplom/ela_core/datasets/Some_data_sets/CASIA2/Au\Au_arc_20031.jpg
REAL,D:/Diplom/ela_core/datasets/Some_data_sets/CASIA2/Au\Au_nat_30232.jpg
REAL,D:/Diplom/ela_core/datasets/Some_data_sets/CASIA2/Au\Au_nat_30408.jpg
REAL,D:/Diplom/ela_core/datasets/Some_data_sets/CASIA2/Au\Au_cha_30470.jpg
REAL,D:/Diplom/ela_core/datasets/Some_data_sets/CASIA2/Au\Au_pla_30380.jpg
REAL,D:/Diplom/ela_core/datasets/Some_data_sets/CASIA2/Au\Au_ani_30221.jpg
REAL,D:/Diplom/ela_core/datasets/Some_data_sets/CASIA2/Au\Au_sec_30003.jpg
REAL,D:/Diplom/ela_core/datasets/Some_data_sets/CASIA2/Au\Au_ani_30375.jpg
REAL,D:/Diplom/ela_core/datasets/Some_data_sets/CASIA2/Au\Au_ani_30295.jpg
REAL,D:/Diplom/ela_core/datasets/Some_data_sets/CASIA2/Au\Au_pla_30268.jpg
REAL,D:/Diplom/ela_core/datasets/Some_data_sets/CASIA2/Au\Au_ani_00080.jpg
REAL,D:/Diplom/ela_core/datasets/Some_data_sets/CASIA2/Au\Au_arc_30688.jpg
REAL,D:/Diplom/ela_core/datasets/Some_data_sets/CASIA2/Au\Au_nat_30419.jpg
REAL,D:/Diplom/ela_core/datasets/Some_data_sets/CASIA2/Au\Au_cha_30217.jpg
REAL,D:/Diplom/ela_core/datasets/Some_data_sets/CASIA2/Au\Au_art_30114.jpg
REAL,D:/Diplom/ela_core/datasets/Some_data_sets/CASIA2/Au\Au_arc_30418.jpg
REAL,D:/Diplom/ela_core/datasets/Some_data_sets/CASIA2/Au\Au_sec_30110.jpg
REAL,D:/Diplom/ela_core/datasets/Some_data_sets/CASIA2/Au\Au_nat_30265.jpg
REAL,D:/Diplom/ela_core/datasets/Some_data_sets/CASIA2/Au\Au_ani_20069.jpg
REAL,D:/Diplom/ela_core/datasets/Some_data_sets/CASIA2/Au\Au_cha_00063.jpg
REAL,D:/Diplom/ela_core/datasets/Some_data_sets/CASIA2/Au\Au_ani_20018.jpg
REAL,D:/Diplom/ela_core/datasets/Some_data_sets/CASIA2/Au\Au_arc_30058.jpg
REAL,D:/Diplom/ela_core/datasets/Some_data_sets/CASIA2/Au\Au_sec_00076.jpg
REAL,D:/Diplom/ela_core/datasets/Some_data_sets/CASIA2/Au\Au_arc_30620.jpg
REAL,D:/Diplom/ela_core/datasets/Some_data_sets/CASIA2/Au\Au_art_30649.jpg
REAL,D:/Diplom/ela_core/datasets/CASIA1/Au\Au_art_0016.jpg
REAL,D:/Diplom/ela_core/datasets/Some_data_sets/CASIA2/Au\Au_cha_00098.jpg
REAL,D:/Diplom/ela_core/datasets/Some_data_sets/CASIA2/Au\Au_cha_00043.jpg
REAL,D:/Diplom/ela_core/datasets/Some_data_sets/CASIA2/Au\Au_ani_30121.jpg
REAL,D:/Diplom/ela_core/datasets/Some_data_sets/CASIA2/Au\Au_nat_20052.jpg
REAL,D:/Diplom/ela_core/datasets/Some_data_sets/CASIA2/Au\Au_ani_30455.jpg
REAL,D:/Diplom/ela_core/datasets/CASIA1/Au\Au_sec_0045.jpg
REAL,D:/Diplom/ela_core/datasets/CASIA1/Au\Au_art_0055.jpg
REAL,D:/Diplom/ela_core/datasets/Some_data_sets/CASIA2/Au\Au_ani_30168.jpg
REAL,D:/Diplom/ela_core/datasets/Some_data_sets/CASIA2/Au\Au_pla_20065.jpg
REAL,D:/Diplom/ela_core/datasets/Some_data_sets/CASIA2/Au\Au_pla_30136.jpg
REAL,D:/Diplom/ela_core/datasets/Some_data_sets/CASIA2/Au\Au_ind_20001.jpg
REAL,D:/Diplom/ela_core/datasets/Some_data_sets/CASIA2/Au\Au_cha_30585.jpg
REAL,D:/Diplom/ela_core/datasets/Some_data_sets/CASIA2/Au\Au_sec_30684.jpg
REAL,D:/Diplom/ela_core/datasets/Some_data_sets/CASIA2/Au\Au_arc_30356.jpg
REAL,D:/Diplom/ela_core/datasets/Some_data_sets/CASIA2/Au\Au_arc_30769.jpg
REAL,D:/Diplom/ela_core/datasets/Some_data_sets/CASIA2/Au\Au_cha_30653.jpg
REAL,D:/Diplom/ela_core/datasets/Some_data_sets/CASIA2/Au\Au_arc_30195.jpg
REAL,D:/Diplom/ela_core/datasets/Some_data_sets/CASIA2/Au\Au_cha_30505.jpg
REAL,D:/Diplom/ela_core/datasets/Some_data_sets/CASIA2/Au\Au_pla_30512.jpg
REAL,D:/Diplom/ela_core/datasets/Some_data_sets/CASIA2/Au\Au_art_20054.jpg
REAL,D:/Diplom/ela_core/datasets/Some_data_sets/CASIA2/Au\Au_pla_30725.jpg
REAL,D:/Diplom/ela_core/datasets/Some_data_sets/CASIA2/Au\Au_art_30136.jpg
REAL,D:/Diplom/ela_core/datasets/Some_data_sets/CASIA2/Au\Au_ani_30458.jpg
REAL,D:/Diplom/ela_core/datasets/Some_data_sets/CASIA2/Au\Au_cha_30035.jpg
REAL,D:/Diplom/ela_core/datasets/Some_data_sets/CASIA2/Au\Au_sec_30165.jpg
REAL,D:/Diplom/ela_core/datasets/Some_data_sets/CASIA2/Au\Au_cha_30397.jpg
REAL,D:/Diplom/ela_core/datasets/Some_data_sets/CASIA2/Au\Au_ani_20059.jpg
REAL,D:/Diplom/ela_core/datasets/CASIA1/Au\Au_pla_0026.jpg
REAL,D:/Diplom/ela_core/datasets/Some_data_sets/CASIA2/Au\Au_art_00026.jpg
REAL,D:/Diplom/ela_core/datasets/Some_data_sets/CASIA2/Au\Au_ani_30148.jpg
REAL,D:/Diplom/ela_core/datasets/Some_data_sets/CASIA2/Au\Au_cha_30274.jpg
REAL,D:/Diplom/ela_core/datasets/Some_data_sets/CASIA2/Au\Au_art_30632.jpg
REAL,D:/Diplom/ela_core/datasets/Some_data_sets/CASIA2/Au\Au_arc_30558.jpg
REAL,D:/Diplom/ela_core/datasets/Some_data_sets/CASIA2/Au\Au_pla_30505.jpg
REAL,D:/Diplom/ela_core/datasets/Some_data_sets/CASIA2/Au\Au_txt_10113.jpg
REAL,D:/Diplom/ela_core/datasets/Some_data_sets/CASIA2/Au\Au_arc_30248.jpg
REAL,D:/Diplom/ela_core/datasets/Some_data_sets/CASIA2/Au\Au_arc_20029.jpg
REAL,D:/Diplom/ela_core/datasets/Some_data_sets/CASIA2/Au\Au_pla_30178.jpg
REAL,D:/Diplom/ela_core/datasets/Some_data_sets/CASIA2/Au\Au_nat_30283.jpg
REAL,D:/Diplom/ela_core/datasets/Some_data_sets/CASIA2/Au\Au_art_30599.jpg
REAL,D:/Diplom/ela_core/datasets/Some_data_sets/CASIA2/Au\Au_pla_30680.jpg
REAL,D:/Diplom/ela_core/datasets/Some_data_sets/CASIA2/Au\Au_cha_30707.jpg
REAL,D:/Diplom/ela_core/datasets/CASIA1/Au\Au_arc_0019.jpg
REAL,D:/Diplom/ela_core/datasets/Some_data_sets/CASIA2/Au\Au_arc_30591.jpg
REAL,D:/Diplom/ela_core/datasets/Some_data_sets/CASIA2/Au\Au_pla_20053.jpg
REAL,D:/Diplom/ela_core/datasets/Some_data_sets/CASIA2/Au\Au_pla_30479.jpg
REAL,D:/Diplom/ela_core/datasets/Some_data_sets/CASIA2/Au\Au_sec_00040.jpg
REAL,D:/Diplom/ela_core/datasets/CASIA1/Au\Au_sec_0059.jpg
REAL,D:/Diplom/ela_core/datasets/Some_data_sets/CASIA2/Au\Au_txt_00080.jpg
REAL,D:/Diplom/ela_core/datasets/Some_data_sets/CASIA2/Au\Au_cha_30103.jpg
REAL,D:/Diplom/ela_core/datasets/Some_data_sets/CASIA2/Au\Au_arc_30417.jpg
REAL,D:/Diplom/ela_core/datasets/Some_data_sets/CASIA2/Au\Au_sec_30688.jpg
REAL,D:/Diplom/ela_core/datasets/CASIA1/Au\Au_art_0019.jpg
REAL,D:/Diplom/ela_core/datasets/Some_data_sets/CASIA2/Au\Au_ani_30782.jpg
REAL,D:/Diplom/ela_core/datasets/Some_data_sets/CASIA2/Au\Au_ani_30750.jpg
REAL,D:/Diplom/ela_core/datasets/Some_data_sets/CASIA2/Au\Au_cha_30335.jpg
REAL,D:/Diplom/ela_core/datasets/Some_data_sets/CASIA2/Au\Au_ani_30246.jpg
REAL,D:/Diplom/ela_core/datasets/Some_data_sets/CASIA2/Au\Au_cha_30680.jpg
REAL,D:/Diplom/ela_core/datasets/Some_data_sets/CASIA2/Au\Au_arc_00081.jpg
REAL,D:/Diplom/ela_core/datasets/Some_data_sets/CASIA2/Au\Au_nat_30583.jpg
REAL,D:/Diplom/ela_core/datasets/Some_data_sets/CASIA2/Au\Au_ani_30399.jpg
REAL,D:/Diplom/ela_core/datasets/Some_data_sets/CASIA2/Au\Au_sec_30590.jpg
REAL,D:/Diplom/ela_core/datasets/Some_data_sets/CASIA2/Au\Au_pla_30553.jpg
REAL,D:/Diplom/ela_core/datasets/Some_data_sets/CASIA2/Au\Au_pla_00029.jpg
REAL,D:/Diplom/ela_core/datasets/Some_data_sets/CASIA2/Au\Au_cha_30408.jpg
REAL,D:/Diplom/ela_core/datasets/Some_data_sets/CASIA2/Au\Au_sec_30229.jpg
REAL,D:/Diplom/ela_core/datasets/Some_data_sets/CASIA2/Au\Au_arc_30805.jpg
REAL,D:/Diplom/ela_core/datasets/Some_data_sets/CASIA2/Au\Au_ani_30179.jpg
REAL,D:/Diplom/ela_core/datasets/Some_data_sets/CASIA2/Au\Au_sec_30092.jpg
REAL,D:/Diplom/ela_core/datasets/Some_data_sets/CASIA2/Au\Au_nat_30158.jpg
REAL,D:/Diplom/ela_core/datasets/Some_data_sets/CASIA2/Au\Au_art_30101.jpg
REAL,D:/Diplom/ela_core/datasets/Some_data_sets/CASIA2/Au\Au_ani_30264.jpg
REAL,D:/Diplom/ela_core/datasets/Some_data_sets/CASIA2/Au\Au_pla_30501.jpg
REAL,D:/Diplom/ela_core/datasets/Some_data_sets/CASIA2/Au\Au_ani_30777.jpg
REAL,D:/Diplom/ela_core/datasets/CASIA1/Au\Au_txt_0016.jpg
REAL,D:/Diplom/ela_core/datasets/Some_data_sets/CASIA2/Au\Au_arc_20068.jpg
REAL,D:/Diplom/ela_core/datasets/Some_data_sets/CASIA2/Au\Au_txt_00091.jpg
REAL,D:/Diplom/ela_core/datasets/Some_data_sets/CASIA2/Au\Au_sec_30596.jpg
REAL,D:/Diplom/ela_core/datasets/Some_data_sets/CASIA2/Au\Au_pla_30209.jpg
REAL,D:/Diplom/ela_core/datasets/Some_data_sets/CASIA2/Au\Au_cha_30006.jpg
REAL,D:/Diplom/ela_core/datasets/Some_data_sets/CASIA2/Au\Au_pla_10113.jpg
REAL,D:/Diplom/ela_core/datasets/Some_data_sets/CASIA2/Au\Au_ani_30176.jpg
REAL,D:/Diplom/ela_core/datasets/Some_data_sets/CASIA2/Au\Au_cha_30506.jpg
REAL,D:/Diplom/ela_core/datasets/Some_data_sets/CASIA2/Au\Au_arc_30069.jpg
REAL,D:/Diplom/ela_core/datasets/Some_data_sets/CASIA2/Au\Au_ani_10102.jpg
REAL,D:/Diplom/ela_core/datasets/Some_data_sets/CASIA2/Au\Au_cha_30362.jpg
REAL,D:/Diplom/ela_core/datasets/Some_data_sets/CASIA2/Au\Au_pla_30341.jpg
REAL,D:/Diplom/ela_core/datasets/CASIA1/Au\Au_ani_0011.jpg
REAL,D:/Diplom/ela_core/datasets/Some_data_sets/CASIA2/Au\Au_ani_10205.jpg
REAL,D:/Diplom/ela_core/datasets/Some_data_sets/CASIA2/Au\Au_pla_30582.jpg
REAL,D:/Diplom/ela_core/datasets/Some_data_sets/CASIA2/Au\Au_art_30130.jpg
REAL,D:/Diplom/ela_core/datasets/Some_data_sets/CASIA2/Au\Au_pla_00016.jpg
REAL,D:/Diplom/ela_core/datasets/Some_data_sets/CASIA2/Au\Au_art_30186.jpg
REAL,D:/Diplom/ela_core/datasets/Some_data_sets/CASIA2/Au\Au_sec_00084.jpg
REAL,D:/Diplom/ela_core/datasets/Some_data_sets/CASIA2/Au\Au_cha_30111.jpg
REAL,D:/Diplom/ela_core/datasets/Some_data_sets/CASIA2/Au\Au_nat_30426.jpg
REAL,D:/Diplom/ela_core/datasets/Some_data_sets/CASIA2/Au\Au_txt_00086.jpg
REAL,D:/Diplom/ela_core/datasets/CASIA1/Au\Au_pla_0069.jpg
REAL,D:/Diplom/ela_core/datasets/Some_data_sets/CASIA2/Au\Au_arc_10116.jpg
REAL,D:/Diplom/ela_core/datasets/Some_data_sets/CASIA2/Au\Au_cha_30630.jpg
REAL,D:/Diplom/ela_core/datasets/Some_data_sets/CASIA2/Au\Au_arc_00095.jpg
REAL,D:/Diplom/ela_core/datasets/CASIA1/Au\Au_cha_0037.jpg
REAL,D:/Diplom/ela_core/datasets/Some_data_sets/CASIA2/Au\Au_art_30148.jpg
REAL,D:/Diplom/ela_core/datasets/Some_data_sets/CASIA2/Au\Au_ani_30204.jpg
REAL,D:/Diplom/ela_core/datasets/Some_data_sets/CASIA2/Au\Au_ani_30024.jpg
REAL,D:/Diplom/ela_core/datasets/Some_data_sets/CASIA2/Au\Au_pla_30244.jpg
REAL,D:/Diplom/ela_core/datasets/CASIA1/Au\Au_cha_0069.jpg
REAL,D:/Diplom/ela_core/datasets/Some_data_sets/CASIA2/Au\Au_ani_30466.jpg
REAL,D:/Diplom/ela_core/datasets/Some_data_sets/CASIA2/Au\Au_nat_30292.jpg
REAL,D:/Diplom/ela_core/datasets/Some_data_sets/CASIA2/Au\Au_cha_30107.jpg
REAL,D:/Diplom/ela_core/datasets/Some_data_sets/CASIA2/Au\Au_nat_30716.jpg
REAL,D:/Diplom/ela_core/datasets/CASIA1/Au\Au_ani_0034.jpg
REAL,D:/Diplom/ela_core/datasets/Some_data_sets/CASIA2/Au\Au_cha_30496.jpg
REAL,D:/Diplom/ela_core/datasets/Some_data_sets/CASIA2/Au\Au_sec_30054.jpg
REAL,D:/Diplom/ela_core/datasets/Some_data_sets/CASIA2/Au\Au_arc_20008.jpg
REAL,D:/Diplom/ela_core/datasets/Some_data_sets/CASIA2/Au\Au_sec_20088.jpg
REAL,D:/Diplom/ela_core/datasets/Some_data_sets/CASIA2/Au\Au_ind_30164.jpg
REAL,D:/Diplom/ela_core/datasets/Some_data_sets/CASIA2/Au\Au_ani_00081.jpg
REAL,D:/Diplom/ela_core/datasets/Some_data_sets/CASIA2/Au\Au_nat_30002.jpg
REAL,D:/Diplom/ela_core/datasets/Some_data_sets/CASIA2/Au\Au_txt_10116.jpg
REAL,D:/Diplom/ela_core/datasets/Some_data_sets/CASIA2/Au\Au_ani_30150.jpg
REAL,D:/Diplom/ela_core/datasets/Some_data_sets/CASIA2/Au\Au_pla_30111.jpg
REAL,D:/Diplom/ela_core/datasets/Some_data_sets/CASIA2/Au\Au_sec_30055.jpg
REAL,D:/Diplom/ela_core/datasets/Some_data_sets/CASIA2/Au\Au_ind_00026.jpg
REAL,D:/Diplom/ela_core/datasets/Some_data_sets/CASIA2/Au\Au_pla_30182.jpg
REAL,D:/Diplom/ela_core/datasets/Some_data_sets/CASIA2/Au\Au_nat_30189.jpg
REAL,D:/Diplom/ela_core/datasets/Some_data_sets/CASIA2/Au\Au_art_30155.jpg
REAL,D:/Diplom/ela_core/datasets/Some_data_sets/CASIA2/Au\Au_nat_30187.jpg
REAL,D:/Diplom/ela_core/datasets/Some_data_sets/CASIA2/Au\Au_sec_00079.JPG
REAL,D:/Diplom/ela_core/datasets/Some_data_sets/CASIA2/Au\Au_cha_30451.jpg
REAL,D:/Diplom/ela_core/datasets/Some_data_sets/CASIA2/Au\Au_sec_30048.jpg
REAL,D:/Diplom/ela_core/datasets/Some_data_sets/CASIA2/Au\Au_art_30450.jpg
REAL,D:/Diplom/ela_core/datasets/Some_data_sets/CASIA2/Au\Au_nat_30443.jpg
REAL,D:/Diplom/ela_core/datasets/Some_data_sets/CASIA2/Au\Au_pla_30621.jpg
REAL,D:/Diplom/ela_core/datasets/Some_data_sets/CASIA2/Au\Au_pla_20096.jpg
REAL,D:/Diplom/ela_core/datasets/Some_data_sets/CASIA2/Au\Au_arc_30201.jpg
REAL,D:/Diplom/ela_core/datasets/Some_data_sets/CASIA2/Au\Au_pla_30252.jpg
REAL,D:/Diplom/ela_core/datasets/Some_data_sets/CASIA2/Au\Au_pla_20027.jpg
REAL,D:/Diplom/ela_core/datasets/CASIA1/Au\Au_cha_0017.jpg
REAL,D:/Diplom/ela_core/datasets/CASIA1/Au\Au_art_0009.jpg
REAL,D:/Diplom/ela_core/datasets/Some_data_sets/CASIA2/Au\Au_arc_30059.jpg
REAL,D:/Diplom/ela_core/datasets/Some_data_sets/CASIA2/Au\Au_nat_30066.jpg
REAL,D:/Diplom/ela_core/datasets/Some_data_sets/CASIA2/Au\Au_ani_10153.jpg
REAL,D:/Diplom/ela_core/datasets/Some_data_sets/CASIA2/Au\Au_pla_20093.jpg
REAL,D:/Diplom/ela_core/datasets/Some_data_sets/CASIA2/Au\Au_ani_30508.jpg
REAL,D:/Diplom/ela_core/datasets/Some_data_sets/CASIA2/Au\Au_cha_20012.jpg
REAL,D:/Diplom/ela_core/datasets/Some_data_sets/CASIA2/Au\Au_pla_30411.jpg
REAL,D:/Diplom/ela_core/datasets/Some_data_sets/CASIA2/Au\Au_sec_00070.jpg
REAL,D:/Diplom/ela_core/datasets/Some_data_sets/CASIA2/Au\Au_cha_10145.jpg
REAL,D:/Diplom/ela_core/datasets/Some_data_sets/CASIA2/Au\Au_art_30379.jpg
REAL,D:/Diplom/ela_core/datasets/Some_data_sets/CASIA2/Au\Au_arc_30338.jpg
REAL,D:/Diplom/ela_core/datasets/Some_data_sets/CASIA2/Au\Au_arc_30244.jpg
REAL,D:/Diplom/ela_core/datasets/Some_data_sets/CASIA2/Au\Au_arc_30255.jpg
REAL,D:/Diplom/ela_core/datasets/Some_data_sets/CASIA2/Au\Au_ani_30384.jpg
REAL,D:/Diplom/ela_core/datasets/Some_data_sets/CASIA2/Au\Au_nat_30136.jpg
REAL,D:/Diplom/ela_core/datasets/Some_data_sets/CASIA2/Au\Au_art_30193.jpg
REAL,D:/Diplom/ela_core/datasets/Some_data_sets/CASIA2/Au\Au_arc_00051.jpg
REAL,D:/Diplom/ela_core/datasets/Some_data_sets/CASIA2/Au\Au_cha_30688.jpg
REAL,D:/Diplom/ela_core/datasets/Some_data_sets/CASIA2/Au\Au_nat_00093.jpg
REAL,D:/Diplom/ela_core/datasets/Some_data_sets/CASIA2/Au\Au_nat_30732.jpg
REAL,D:/Diplom/ela_core/datasets/Some_data_sets/CASIA2/Au\Au_ani_30132.jpg
REAL,D:/Diplom/ela_core/datasets/Some_data_sets/CASIA2/Au\Au_ani_00024.jpg
REAL,D:/Diplom/ela_core/datasets/CASIA1/Au\Au_sec_0068.jpg
REAL,D:/Diplom/ela_core/datasets/Some_data_sets/CASIA2/Au\Au_cha_10184.jpg
REAL,D:/Diplom/ela_core/datasets/Some_data_sets/CASIA2/Au\Au_arc_30380.jpg
REAL,D:/Diplom/ela_core/datasets/Some_data_sets/CASIA2/Au\Au_txt_10108.jpg
REAL,D:/Diplom/ela_core/datasets/CASIA1/Au\Au_art_0010.jpg
REAL,D:/Diplom/ela_core/datasets/Some_data_sets/CASIA2/Au\Au_arc_00022.jpg
REAL,D:/Diplom/ela_core/datasets/Some_data_sets/CASIA2/Au\Au_art_30054.jpg
REAL,D:/Diplom/ela_core/datasets/Some_data_sets/CASIA2/Au\Au_arc_30556.jpg
REAL,D:/Diplom/ela_core/datasets/Some_data_sets/CASIA2/Au\Au_pla_30030.jpg
REAL,D:/Diplom/ela_core/datasets/Some_data_sets/CASIA2/Au\Au_nat_20049.jpg
REAL,D:/Diplom/ela_core/datasets/Some_data_sets/CASIA2/Au\Au_ani_10196.jpg
REAL,D:/Diplom/ela_core/datasets/Some_data_sets/CASIA2/Au\Au_sec_30361.jpg
REAL,D:/Diplom/ela_core/datasets/Some_data_sets/CASIA2/Au\Au_arc_30098.jpg
REAL,D:/Diplom/ela_core/datasets/Some_data_sets/CASIA2/Au\Au_nat_30386.jpg
REAL,D:/Diplom/ela_core/datasets/Some_data_sets/CASIA2/Au\Au_sec_30043.jpg
REAL,D:/Diplom/ela_core/datasets/Some_data_sets/CASIA2/Au\Au_arc_30008.jpg
REAL,D:/Diplom/ela_core/datasets/Some_data_sets/CASIA2/Au\Au_ani_30503.jpg
REAL,D:/Diplom/ela_core/datasets/Some_data_sets/CASIA2/Au\Au_cha_30693.jpg
REAL,D:/Diplom/ela_core/datasets/Some_data_sets/CASIA2/Au\Au_ind_30145.jpg
REAL,D:/Diplom/ela_core/datasets/Some_data_sets/CASIA2/Au\Au_cha_30280.jpg
REAL,D:/Diplom/ela_core/datasets/Some_data_sets/CASIA2/Au\Au_nat_20068.jpg
REAL,D:/Diplom/ela_core/datasets/Some_data_sets/CASIA2/Au\Au_pla_30647.jpg
REAL,D:/Diplom/ela_core/datasets/Some_data_sets/CASIA2/Au\Au_ani_30744.jpg
REAL,D:/Diplom/ela_core/datasets/Some_data_sets/CASIA2/Au\Au_ani_30314.jpg
REAL,D:/Diplom/ela_core/datasets/Some_data_sets/CASIA2/Au\Au_pla_30365.jpg
REAL,D:/Diplom/ela_core/datasets/Some_data_sets/CASIA2/Au\Au_arc_00056.jpg
REAL,D:/Diplom/ela_core/datasets/Some_data_sets/CASIA2/Au\Au_pla_30169.jpg
REAL,D:/Diplom/ela_core/datasets/Some_data_sets/CASIA2/Au\Au_pla_30625.jpg
REAL,D:/Diplom/ela_core/datasets/Some_data_sets/CASIA2/Au\Au_cha_00058.jpg
REAL,D:/Diplom/ela_core/datasets/Some_data_sets/CASIA2/Au\Au_sec_30195.jpg
REAL,D:/Diplom/ela_core/datasets/Some_data_sets/CASIA2/Au\Au_pla_30190.jpg
REAL,D:/Diplom/ela_core/datasets/Some_data_sets/CASIA2/Au\Au_pla_30379.jpg
REAL,D:/Diplom/ela_core/datasets/Some_data_sets/CASIA2/Au\Au_cha_10182.jpg
REAL,D:/Diplom/ela_core/datasets/Some_data_sets/CASIA2/Au\Au_pla_30362.jpg
REAL,D:/Diplom/ela_core/datasets/Some_data_sets/CASIA2/Au\Au_nat_30042.jpg
REAL,D:/Diplom/ela_core/datasets/Some_data_sets/CASIA2/Au\Au_nat_20067.jpg
REAL,D:/Diplom/ela_core/datasets/Some_data_sets/CASIA2/Au\Au_arc_30351.jpg
REAL,D:/Diplom/ela_core/datasets/CASIA1/Au\Au_ani_0008.jpg
REAL,D:/Diplom/ela_core/datasets/Some_data_sets/CASIA2/Au\Au_txt_00064.jpg
REAL,D:/Diplom/ela_core/datasets/Some_data_sets/CASIA2/Au\Au_cha_00095.jpg
REAL,D:/Diplom/ela_core/datasets/Some_data_sets/CASIA2/Au\Au_pla_30212.jpg
REAL,D:/Diplom/ela_core/datasets/Some_data_sets/CASIA2/Au\Au_pla_30525.jpg
REAL,D:/Diplom/ela_core/datasets/Some_data_sets/CASIA2/Au\Au_pla_30731.jpg
REAL,D:/Diplom/ela_core/datasets/Some_data_sets/CASIA2/Au\Au_arc_30784.jpg
REAL,D:/Diplom/ela_core/datasets/Some_data_sets/CASIA2/Au\Au_pla_30615.jpg
REAL,D:/Diplom/ela_core/datasets/Some_data_sets/CASIA2/Au\Au_ani_30414.jpg
REAL,D:/Diplom/ela_core/datasets/Some_data_sets/CASIA2/Au\Au_ani_20032.jpg
REAL,D:/Diplom/ela_core/datasets/Some_data_sets/CASIA2/Au\Au_art_30650.jpg
REAL,D:/Diplom/ela_core/datasets/Some_data_sets/CASIA2/Au\Au_pla_30337.jpg
REAL,D:/Diplom/ela_core/datasets/Some_data_sets/CASIA2/Au\Au_sec_30561.jpg
REAL,D:/Diplom/ela_core/datasets/CASIA1/Au\Au_nat_0033.jpg
REAL,D:/Diplom/ela_core/datasets/Some_data_sets/CASIA2/Au\Au_arc_30583.jpg
REAL,D:/Diplom/ela_core/datasets/Some_data_sets/CASIA2/Au\Au_nat_00005.jpg
REAL,D:/Diplom/ela_core/datasets/Some_data_sets/CASIA2/Au\Au_pla_30488.jpg
REAL,D:/Diplom/ela_core/datasets/Some_data_sets/CASIA2/Au\Au_nat_30084.jpg
REAL,D:/Diplom/ela_core/datasets/Some_data_sets/CASIA2/Au\Au_art_10112.JPG
REAL,D:/Diplom/ela_core/datasets/CASIA1/Au\Au_cha_0068.jpg
REAL,D:/Diplom/ela_core/datasets/Some_data_sets/CASIA2/Au\Au_ani_30476.jpg
REAL,D:/Diplom/ela_core/datasets/Some_data_sets/CASIA2/Au\Au_art_30256.jpg
REAL,D:/Diplom/ela_core/datasets/Some_data_sets/CASIA2/Au\Au_cha_30389.jpg
REAL,D:/Diplom/ela_core/datasets/Some_data_sets/CASIA2/Au\Au_sec_00013.jpg
REAL,D:/Diplom/ela_core/datasets/Some_data_sets/CASIA2/Au\Au_nat_00009.jpg
REAL,D:/Diplom/ela_core/datasets/Some_data_sets/CASIA2/Au\Au_pla_30487.jpg
REAL,D:/Diplom/ela_core/datasets/CASIA1/Au\Au_pla_0035.jpg
REAL,D:/Diplom/ela_core/datasets/Some_data_sets/CASIA2/Au\Au_nat_30122.jpg
REAL,D:/Diplom/ela_core/datasets/Some_data_sets/CASIA2/Au\Au_ind_30018.jpg
REAL,D:/Diplom/ela_core/datasets/Some_data_sets/CASIA2/Au\Au_sec_30377.jpg
REAL,D:/Diplom/ela_core/datasets/Some_data_sets/CASIA2/Au\Au_art_00095.jpg
REAL,D:/Diplom/ela_core/datasets/Some_data_sets/CASIA2/Au\Au_nat_30425.jpg
REAL,D:/Diplom/ela_core/datasets/CASIA1/Au\Au_ani_0055.jpg
REAL,D:/Diplom/ela_core/datasets/Some_data_sets/CASIA2/Au\Au_arc_30446.jpg
REAL,D:/Diplom/ela_core/datasets/Some_data_sets/CASIA2/Au\Au_sec_30440.jpg
REAL,D:/Diplom/ela_core/datasets/CASIA1/Au\Au_art_0097.jpg
REAL,D:/Diplom/ela_core/datasets/Some_data_sets/CASIA2/Au\Au_ani_20020.jpg
REAL,D:/Diplom/ela_core/datasets/Some_data_sets/CASIA2/Au\Au_ani_30545.jpg
REAL,D:/Diplom/ela_core/datasets/Some_data_sets/CASIA2/Au\Au_ani_30745.jpg
REAL,D:/Diplom/ela_core/datasets/Some_data_sets/CASIA2/Au\Au_art_30062.jpg
REAL,D:/Diplom/ela_core/datasets/Some_data_sets/CASIA2/Au\Au_txt_00094.jpg
REAL,D:/Diplom/ela_core/datasets/CASIA1/Au\Au_pla_0034.jpg
REAL,D:/Diplom/ela_core/datasets/Some_data_sets/CASIA2/Au\Au_cha_00012.jpg
REAL,D:/Diplom/ela_core/datasets/Some_data_sets/CASIA2/Au\Au_ani_30345.jpg
